firstName,lastName,email,username,amount,type,country
Michael,Garcia,jane.smith@hotmail.com,michael141,729.19,T0006,VA
Michael,Johnson,emily.brown@hotmail.com,michael590,269.43,T0800,TR
John,Smith,jane.brown@hotmail.com,john284,588.5,T0800,GP
David,Smith,david.smith@yahoo.com,john331,111.2,T2103,LT
John,Jones,sarah.johnson@yahoo.com,sarah20,219.8,T1201,VU
Jane,Williams,david.brown@gmail.com,emily756,771.43,T1201,LA
David,Smith,david.johnson@yahoo.com,john435,356.68,T0800,IN
Emily,Johnson,sarah.jones@gmail.com,david773,938.45,T0003,GF
Emily,Garcia,john.garcia@gmail.com,john542,706.38,T0800,ER
Jane,Smith,emily.brown@yahoo.com,john972,378.91,T0003,JM
Emily,Jones,jane.johnson@hotmail.com,michael767,318.26,T2103,SH
Emily,Johnson,michael.jones@gmail.com,jane320,473.41,T1107,PS
Jane,Jones,jane.jones@hotmail.com,david2,981.45,T0006,PS
Jane,Jones,sarah.williams@yahoo.com,john129,310.01,T0006,UM
Michael,Brown,sarah.smith@hotmail.com,john785,345.23,T1107,TT
John,Brown,emily.jones@gmail.com,david980,870.5,T1107,TO
Emily,Smith,john.jones@yahoo.com,jane721,564.88,T1107,TV
Jane,Johnson,michael.garcia@yahoo.com,sarah684,81.02,T0800,FO
Sarah,Johnson,emily.jones@yahoo.com,sarah755,634.47,T1201,CV
Michael,Williams,sarah.brown@gmail.com,john170,987.18,T2103,SJ
Jane,Williams,david.smith@hotmail.com,michael723,622.54,T0800,JM
Emily,Williams,michael.smith@gmail.com,john176,423.43,T0006,LS
Jane,Jones,david.williams@gmail.com,sarah951,423.95,T2103,GR
John,Johnson,michael.brown@hotmail.com,emily336,659.2,T0006,VG
Jane,Jones,sarah.johnson@hotmail.com,michael381,630.48,T1107,DJ
John,Jones,david.williams@gmail.com,john931,107.73,T0003,TO
John,Garcia,sarah.williams@gmail.com,david814,583.66,T1107,SX
Michael,Brown,sarah.johnson@hotmail.com,michael189,173.66,T1201,GQ
John,Brown,emily.johnson@yahoo.com,david18,893.67,T1107,JP
David,Brown,jane.garcia@gmail.com,michael520,508.42,T0800,NU
Jane,Johnson,john.williams@yahoo.com,emily118,776.16,T1107,AW
John,Williams,david.smith@hotmail.com,jane665,409.09,T2103,AT
David,Brown,emily.johnson@gmail.com,michael25,128.17,T2103,BV
Emily,Johnson,jane.smith@yahoo.com,david618,977.92,T2103,TO
Michael,Garcia,michael.williams@gmail.com,michael17,868.49,T0800,WF
John,Garcia,michael.brown@yahoo.com,john649,915.51,T0006,CV
Michael,Garcia,jane.jones@yahoo.com,michael278,749.31,T0800,IO
Sarah,Brown,emily.smith@yahoo.com,david240,590.63,T0800,KY
Emily,Williams,sarah.jones@hotmail.com,john100,563.3,T0800,MW
Michael,Johnson,john.johnson@hotmail.com,michael544,883.2,T0003,GF
John,Williams,emily.brown@hotmail.com,emily551,506.1,T0003,SO
David,Jones,john.smith@yahoo.com,jane825,605.18,T1201,BF
Jane,Williams,michael.johnson@hotmail.com,david643,187.26,T0006,TD
Michael,Johnson,sarah.jones@gmail.com,sarah494,878.12,T1201,ZA
John,Johnson,jane.garcia@hotmail.com,emily370,701.58,T0003,IL
Emily,Johnson,john.garcia@hotmail.com,michael280,522.52,T2103,RS
Michael,Williams,sarah.brown@gmail.com,emily793,552.52,T1201,KP
Michael,Smith,sarah.williams@gmail.com,jane251,825.3,T2103,JM
Emily,Williams,john.brown@gmail.com,david345,639.4,T0800,BG
Emily,Smith,david.smith@gmail.com,john193,981.69,T0800,MT
Emily,Johnson,jane.garcia@gmail.com,emily957,797.05,T0003,PL
John,Brown,jane.smith@yahoo.com,sarah389,887.44,T1107,IN
Michael,Johnson,david.johnson@yahoo.com,sarah442,166.78,T0003,GF
David,Garcia,john.smith@gmail.com,david758,447.06,T0800,CC
Emily,Williams,sarah.smith@hotmail.com,michael489,571.97,T0006,LV
Michael,Johnson,sarah.smith@hotmail.com,michael369,152.55,T0800,SK
Michael,Garcia,jane.smith@gmail.com,jane161,518.69,T0003,TL
Jane,Brown,john.jones@yahoo.com,sarah908,165.79,T0003,MG
Emily,Smith,michael.garcia@gmail.com,john556,570.3,T1107,EH
Michael,Garcia,john.jones@gmail.com,michael679,345.06,T0003,KI
John,Smith,john.jones@yahoo.com,jane172,197.33,T0006,VC
Emily,Garcia,david.williams@yahoo.com,michael774,860.67,T0006,AG
Jane,Johnson,david.williams@gmail.com,john329,912.73,T2103,BB
Emily,Williams,jane.johnson@gmail.com,jane232,470.66,T1107,MR
David,Jones,emily.williams@gmail.com,david321,837.12,T1201,TN
Michael,Johnson,david.smith@yahoo.com,emily216,45.5,T1201,SX
David,Johnson,jane.smith@hotmail.com,michael900,320.87,T0006,BW
Michael,Brown,jane.smith@gmail.com,sarah406,640.45,T0006,HU
Jane,Johnson,john.williams@yahoo.com,david664,78.14,T1201,LB
Jane,Brown,david.jones@yahoo.com,david681,207.69,T0006,TD
Jane,Smith,emily.garcia@gmail.com,jane806,534.34,T1107,RU
Sarah,Garcia,emily.johnson@hotmail.com,sarah679,4.26,T2103,CO
David,Smith,jane.jones@hotmail.com,john583,55.79,T0800,WF
John,Johnson,emily.brown@yahoo.com,sarah486,155.38,T0800,ID
John,Johnson,john.williams@hotmail.com,jane700,450.26,T0800,KP
Michael,Jones,jane.jones@yahoo.com,jane978,710.55,T0800,BW
Sarah,Brown,emily.smith@hotmail.com,michael454,700.01,T0006,VA
John,Smith,emily.smith@yahoo.com,john90,723.45,T2103,BI
David,Brown,emily.garcia@yahoo.com,sarah138,794.38,T1107,SD
Sarah,Williams,emily.johnson@hotmail.com,emily155,149.04,T0800,SE
Sarah,Johnson,sarah.williams@gmail.com,jane53,155.65,T1107,ET
Sarah,Brown,emily.jones@yahoo.com,emily12,636.86,T0800,LC
Sarah,Jones,michael.brown@hotmail.com,emily137,67.56,T0006,LU
Sarah,Williams,john.smith@yahoo.com,michael717,23.67,T0006,HK
David,Williams,sarah.brown@gmail.com,michael17,153.51,T0006,TZ
Emily,Smith,jane.williams@yahoo.com,michael639,778.24,T0003,MR
Emily,Brown,sarah.garcia@hotmail.com,john360,742,T1107,KZ
John,Williams,emily.garcia@hotmail.com,david325,377.49,T0006,JO
Jane,Johnson,sarah.williams@yahoo.com,jane427,317.86,T2103,ID
Jane,Williams,john.smith@hotmail.com,michael520,836.26,T0006,KG
Emily,Smith,emily.smith@hotmail.com,sarah330,462.44,T0006,JO
John,Brown,michael.smith@gmail.com,jane898,124.42,T1201,EH
Sarah,Williams,emily.smith@gmail.com,michael621,658.54,T0003,MH
Sarah,Garcia,jane.johnson@yahoo.com,michael659,411.27,T1201,SE
Jane,Williams,michael.smith@yahoo.com,john515,572.89,T0003,IN
Michael,Johnson,emily.williams@yahoo.com,david156,174.72,T0800,MD
Michael,Jones,sarah.smith@gmail.com,emily558,26.23,T1107,LV
Jane,Smith,david.garcia@gmail.com,jane816,324,T0800,TR
John,Williams,emily.garcia@yahoo.com,jane789,949.47,T1107,ER
David,Johnson,john.smith@hotmail.com,emily73,504.95,T0006,MD
John,Brown,jane.smith@hotmail.com,david594,75.13,T1201,AT
Jane,Garcia,emily.williams@yahoo.com,emily658,51.32,T0003,BB
Sarah,Jones,jane.jones@yahoo.com,jane109,456.33,T0003,GM
John,Williams,john.williams@hotmail.com,sarah787,174.29,T1201,PA
Michael,Johnson,david.jones@hotmail.com,emily600,943.92,T0003,DM
Jane,Williams,john.williams@hotmail.com,sarah838,742.35,T0006,YT
Jane,Garcia,michael.jones@yahoo.com,john17,766.54,T1107,GM
David,Brown,jane.johnson@gmail.com,emily744,346.24,T0006,BL
Michael,Smith,michael.johnson@gmail.com,john550,959.79,T2103,DO
Jane,Johnson,david.johnson@gmail.com,emily603,725.32,T0800,KI
Michael,Johnson,emily.johnson@yahoo.com,jane783,247.77,T1201,SC
Sarah,Jones,sarah.jones@gmail.com,emily893,314.09,T2103,AE
John,Williams,john.jones@hotmail.com,emily616,194.64,T1107,CN
Michael,Jones,john.garcia@hotmail.com,sarah716,407.78,T0006,AT
Emily,Smith,emily.smith@yahoo.com,sarah712,269.98,T0800,JE
John,Smith,michael.smith@hotmail.com,sarah976,505.42,T1107,KP
Jane,Brown,david.johnson@yahoo.com,michael96,86.02,T1201,VN
John,Brown,john.williams@yahoo.com,david46,154.91,T0006,GE
Sarah,Brown,david.garcia@yahoo.com,emily974,80.63,T0800,JM
John,Williams,jane.williams@yahoo.com,emily526,200.01,T2103,GS
Michael,Smith,david.smith@hotmail.com,sarah653,157.47,T1201,AU
David,Williams,michael.garcia@yahoo.com,jane149,691.1,T0003,CH
Michael,Garcia,sarah.jones@hotmail.com,sarah255,35.81,T0800,SA
Jane,Smith,sarah.williams@hotmail.com,michael397,455.15,T1107,TW
Michael,Williams,emily.jones@gmail.com,michael162,940.65,T2103,PA
David,Williams,michael.williams@yahoo.com,jane940,761.54,T1107,AM
David,Williams,david.williams@gmail.com,emily47,688.02,T0006,DM
Sarah,Johnson,david.jones@hotmail.com,jane533,586.25,T2103,MY
Michael,Smith,david.jones@yahoo.com,jane976,737.27,T1107,TH
Michael,Brown,david.johnson@gmail.com,sarah528,648.56,T0003,ER
Jane,Jones,michael.brown@gmail.com,sarah659,227.78,T2103,PE
Emily,Smith,emily.brown@gmail.com,david184,746.44,T0800,VA
John,Brown,david.johnson@gmail.com,sarah307,244.33,T0006,HR
Michael,Garcia,emily.johnson@yahoo.com,john89,180.02,T0800,AX
Emily,Williams,john.smith@hotmail.com,sarah741,57.14,T1201,TD
Emily,Johnson,sarah.garcia@hotmail.com,david399,510.05,T1201,AW
Sarah,Garcia,emily.garcia@yahoo.com,john234,841.11,T2103,CR
David,Johnson,jane.johnson@hotmail.com,david623,298.07,T1107,GH
Emily,Garcia,john.jones@hotmail.com,sarah440,31.45,T1107,QA
Sarah,Williams,emily.brown@hotmail.com,michael217,521.51,T0006,MF
Jane,Jones,michael.johnson@yahoo.com,david444,353.92,T0800,TO
Emily,Brown,jane.garcia@gmail.com,jane800,829.15,T1107,GA
Michael,Johnson,emily.brown@gmail.com,emily360,479.44,T0003,LT
Emily,Brown,david.brown@gmail.com,emily137,989.33,T0006,UG
Emily,Brown,sarah.smith@yahoo.com,jane889,36.97,T0800,RS
John,Jones,david.johnson@yahoo.com,david799,299.92,T0003,KG
Jane,Johnson,david.brown@hotmail.com,john58,512.45,T1107,IM
John,Garcia,jane.garcia@gmail.com,jane270,892.26,T1201,IE
John,Johnson,jane.garcia@yahoo.com,david918,384.91,T0800,LR
Sarah,Brown,david.smith@hotmail.com,sarah992,433.15,T1201,AU
David,Garcia,jane.williams@hotmail.com,jane202,581.83,T1201,AZ
David,Williams,emily.garcia@hotmail.com,michael471,159.92,T0800,HM
Jane,Smith,emily.jones@hotmail.com,sarah724,652.89,T0800,ZM
Michael,Garcia,david.brown@gmail.com,david796,780.64,T0006,GU
John,Smith,emily.jones@yahoo.com,john682,425.8,T1107,QA
Emily,Garcia,sarah.brown@gmail.com,john787,930.92,T0006,RO
Jane,Williams,emily.garcia@yahoo.com,john748,202,T0003,NR
John,Jones,david.johnson@hotmail.com,emily391,616.47,T0800,BJ
Jane,Garcia,david.johnson@yahoo.com,jane888,254.91,T2103,CZ
John,Garcia,emily.smith@yahoo.com,sarah228,855.9,T0800,IS
Emily,Brown,jane.jones@hotmail.com,john410,891.25,T0800,TL
David,Jones,sarah.brown@yahoo.com,john496,495.86,T1201,SG
Michael,Williams,sarah.brown@gmail.com,michael52,85,T0800,CK
Sarah,Jones,john.brown@gmail.com,sarah803,887.9,T1201,MX
Sarah,Garcia,john.brown@hotmail.com,jane225,466.81,T1107,BZ
Sarah,Garcia,david.brown@gmail.com,jane607,979.9,T0006,CG
Sarah,Williams,emily.brown@yahoo.com,sarah846,320.96,T0006,SZ
Michael,Jones,jane.smith@gmail.com,jane823,400.61,T0800,MR
Sarah,Williams,john.williams@hotmail.com,david666,42.58,T2103,MK
Jane,Brown,jane.smith@gmail.com,emily313,891.4,T0006,PK
David,Williams,michael.garcia@yahoo.com,sarah517,405.98,T2103,KI
Michael,Garcia,david.johnson@gmail.com,david607,888.68,T1201,LI
John,Jones,jane.johnson@gmail.com,jane451,614.03,T1201,VG
Emily,Brown,sarah.johnson@yahoo.com,sarah771,27.49,T1201,CF
Michael,Jones,michael.smith@gmail.com,david509,722.72,T0006,SA
Jane,Brown,david.johnson@yahoo.com,david493,403.55,T0006,LK
Sarah,Smith,sarah.brown@gmail.com,michael453,793.65,T0006,MK
Jane,Brown,sarah.williams@yahoo.com,david820,427.84,T0003,PH
Sarah,Johnson,david.johnson@hotmail.com,emily592,573.22,T0800,SB
Jane,Johnson,sarah.garcia@hotmail.com,john23,632.37,T2103,SS
Jane,Garcia,david.williams@hotmail.com,david490,686.46,T0006,NZ
John,Johnson,sarah.johnson@hotmail.com,emily876,426.81,T1201,TM
Michael,Smith,david.brown@hotmail.com,jane704,119.42,T1107,US
Emily,Johnson,emily.johnson@yahoo.com,sarah179,448.18,T0006,CC
John,Smith,john.jones@yahoo.com,michael542,408.37,T1201,KG
Emily,Johnson,david.jones@gmail.com,michael624,66.99,T1201,PH
John,Brown,david.jones@gmail.com,john814,345.33,T0003,MZ
John,Smith,jane.smith@yahoo.com,sarah197,345.32,T2103,GH
Michael,Jones,emily.johnson@yahoo.com,emily316,725.1,T1201,GT
Emily,Smith,sarah.brown@gmail.com,michael407,700.7,T0006,TJ
John,Brown,john.williams@yahoo.com,jane499,125.04,T1201,TJ
Michael,Williams,michael.jones@hotmail.com,david539,718.08,T0003,AI
Jane,Brown,david.smith@gmail.com,john66,999.95,T1201,BF
Sarah,Williams,david.johnson@yahoo.com,emily422,187.41,T0003,SV
David,Williams,michael.williams@gmail.com,david334,585.92,T1107,RO
Jane,Garcia,emily.johnson@hotmail.com,sarah531,85.71,T2103,YT
John,Johnson,michael.johnson@gmail.com,sarah978,112.48,T0006,BS
Sarah,Garcia,emily.smith@yahoo.com,jane412,721.74,T2103,LK
John,Smith,jane.smith@gmail.com,emily34,399.72,T1201,FI
Emily,Jones,sarah.jones@hotmail.com,john409,462.29,T1201,HU
Emily,Jones,michael.garcia@gmail.com,sarah385,486.43,T0800,IR
David,Williams,john.williams@gmail.com,jane877,86.47,T0003,IO
Sarah,Brown,sarah.garcia@yahoo.com,david667,614.42,T2103,NF
Jane,Jones,david.williams@hotmail.com,sarah684,251.07,T0006,JP
Jane,Garcia,michael.smith@yahoo.com,emily796,802.27,T0800,IN
Jane,Johnson,john.jones@hotmail.com,jane178,722.73,T2103,CU
David,Williams,jane.smith@gmail.com,emily277,645.06,T0003,AF
Michael,Williams,john.brown@gmail.com,emily141,954.11,T0003,AD
Sarah,Johnson,david.garcia@hotmail.com,emily996,84.49,T1107,DE
David,Williams,jane.jones@yahoo.com,david656,858.91,T0800,BJ
Michael,Jones,david.jones@gmail.com,john994,376.12,T1107,CM
Emily,Garcia,jane.jones@hotmail.com,sarah287,730.59,T0003,SE
Michael,Garcia,david.johnson@yahoo.com,emily620,641.33,T0006,MG
Sarah,Jones,sarah.brown@gmail.com,david152,891.25,T2103,BM
Sarah,Williams,john.garcia@hotmail.com,john911,239.72,T1107,SS
Emily,Johnson,david.johnson@gmail.com,sarah449,261.79,T0006,PS
John,Brown,david.garcia@yahoo.com,john998,368.22,T0006,LB
Emily,Johnson,john.brown@yahoo.com,david22,80.73,T1201,VN
Jane,Jones,jane.johnson@gmail.com,emily704,473.3,T0003,CU
David,Johnson,michael.smith@hotmail.com,sarah662,110.32,T0006,BM
Michael,Williams,michael.garcia@gmail.com,jane620,602.34,T0006,JP
Jane,Garcia,david.smith@gmail.com,john5,694.73,T0003,MG
Sarah,Garcia,michael.brown@hotmail.com,jane325,710.13,T0006,BM
John,Williams,sarah.jones@gmail.com,jane685,909.94,T1201,DZ
Emily,Johnson,david.jones@hotmail.com,david196,609.4,T0800,CF
Jane,Johnson,sarah.jones@gmail.com,jane625,461.01,T0003,BS
John,Smith,john.garcia@hotmail.com,david579,52.84,T0006,KG
Emily,Williams,emily.johnson@gmail.com,john105,523.82,T0006,LB
David,Smith,michael.johnson@hotmail.com,michael962,337.34,T0006,LS
Michael,Garcia,john.brown@hotmail.com,david641,919.35,T2103,GS
David,Johnson,jane.garcia@hotmail.com,david792,883.89,T0006,GF
John,Williams,emily.williams@yahoo.com,michael67,945.33,T1201,MA
David,Jones,david.williams@hotmail.com,john466,183.49,T0003,QA
Emily,Smith,emily.williams@yahoo.com,jane312,537.68,T1201,MQ
Michael,Williams,emily.garcia@yahoo.com,emily623,348.8,T1107,MA
David,Garcia,emily.brown@yahoo.com,john579,422.46,T2103,KH
Sarah,Johnson,david.williams@hotmail.com,sarah383,983.5,T0006,MS
Jane,Brown,john.garcia@gmail.com,john954,780.65,T1107,BB
Sarah,Jones,john.johnson@yahoo.com,jane742,443.59,T1107,MD
John,Williams,john.brown@yahoo.com,michael116,830.11,T0006,ER
Emily,Smith,jane.brown@gmail.com,john348,290.01,T1201,GW
Michael,Jones,sarah.jones@hotmail.com,sarah397,723.13,T0006,CA
John,Johnson,jane.williams@gmail.com,john29,146.06,T2103,CI
Michael,Jones,sarah.brown@yahoo.com,sarah853,514.83,T0003,MG
David,Brown,john.johnson@gmail.com,jane536,680.35,T0006,UZ
Michael,Garcia,sarah.garcia@yahoo.com,michael153,852.81,T0800,IL
Jane,Smith,michael.williams@gmail.com,emily15,613.54,T1107,LA
Michael,Brown,david.johnson@hotmail.com,sarah557,314.56,T0800,GT
Sarah,Johnson,emily.jones@hotmail.com,david933,70.07,T0003,NI
John,Williams,john.williams@hotmail.com,david757,280.89,T2103,BF
John,Smith,john.smith@yahoo.com,david591,821.21,T0003,MK
Emily,Jones,john.garcia@gmail.com,emily971,344.03,T0003,PL
Michael,Smith,sarah.garcia@yahoo.com,michael489,702.24,T0003,FO
John,Smith,jane.jones@hotmail.com,emily636,993.35,T0003,MH
David,Brown,john.smith@yahoo.com,sarah405,437.26,T2103,CV
Michael,Johnson,emily.jones@hotmail.com,emily880,780.21,T0800,EC
David,Johnson,john.williams@yahoo.com,david761,856.62,T0800,MP
Michael,Jones,michael.garcia@yahoo.com,jane229,184.63,T1107,FJ
Emily,Smith,john.garcia@hotmail.com,david371,728,T0003,LY
Jane,Brown,david.jones@hotmail.com,jane925,892.34,T0800,TO
Emily,Garcia,emily.brown@hotmail.com,david655,954.46,T1201,CU
Jane,Jones,sarah.williams@yahoo.com,emily795,235.83,T0800,LK
Michael,Garcia,sarah.johnson@gmail.com,michael66,714.38,T2103,LU
Jane,Jones,sarah.garcia@hotmail.com,michael972,241.06,T0006,GL
Sarah,Williams,jane.williams@hotmail.com,jane246,660.57,T2103,LA
Jane,Johnson,michael.garcia@hotmail.com,emily617,328.82,T1201,BE
Emily,Jones,michael.smith@hotmail.com,emily51,4.05,T1107,MA
Sarah,Williams,jane.smith@gmail.com,john234,221.56,T1107,PK
John,Johnson,michael.brown@yahoo.com,emily673,166.76,T0003,SE
Sarah,Johnson,sarah.smith@gmail.com,john940,958.46,T0800,TC
John,Smith,david.jones@gmail.com,john96,90.17,T1107,MP
Michael,Garcia,emily.garcia@yahoo.com,sarah419,348.82,T1107,GW
Jane,Williams,david.smith@hotmail.com,michael244,727.18,T0800,GR
Emily,Johnson,john.jones@hotmail.com,sarah660,410.89,T0003,CC
Sarah,Garcia,john.johnson@yahoo.com,michael206,296.35,T0003,BQ
David,Smith,jane.johnson@yahoo.com,sarah93,174.98,T0003,RS
Michael,Jones,john.williams@yahoo.com,emily667,881.33,T0006,CM
Michael,Williams,david.smith@gmail.com,sarah710,450.87,T0800,AD
Michael,Garcia,michael.smith@gmail.com,michael561,81.14,T1107,NE
Michael,Williams,david.johnson@gmail.com,john944,562.52,T1107,ET
Sarah,Brown,sarah.garcia@hotmail.com,jane56,56.91,T0800,MG
Jane,Brown,michael.jones@yahoo.com,jane180,750.36,T0800,TZ
John,Garcia,michael.johnson@yahoo.com,john582,927.37,T0800,GM
Emily,Johnson,sarah.garcia@hotmail.com,sarah361,598.05,T1201,SN
Michael,Brown,john.williams@gmail.com,david789,588.62,T0800,NR
Sarah,Brown,jane.garcia@yahoo.com,john117,79.76,T0003,MU
David,Jones,david.garcia@gmail.com,emily529,361.03,T1107,BH
Sarah,Brown,sarah.williams@gmail.com,john298,919.47,T0006,KM
David,Garcia,sarah.jones@hotmail.com,john601,176.07,T1201,GH
Emily,Jones,jane.garcia@hotmail.com,michael630,109.22,T1201,FO
John,Williams,sarah.brown@gmail.com,john280,770.51,T0800,SA
John,Smith,emily.williams@gmail.com,jane540,146.08,T1107,SC
Emily,Garcia,jane.jones@hotmail.com,emily207,808.56,T0800,DZ
Michael,Jones,emily.johnson@gmail.com,david251,597.19,T0003,CG
Sarah,Garcia,sarah.garcia@gmail.com,jane253,586.04,T0003,AL
John,Johnson,john.jones@yahoo.com,john113,399.42,T1107,LI
Michael,Garcia,jane.johnson@yahoo.com,john818,63.86,T0003,SE
Jane,Smith,michael.johnson@gmail.com,jane563,934.65,T1201,PE
John,Johnson,sarah.williams@gmail.com,emily526,897.28,T0800,LB
Sarah,Smith,jane.jones@hotmail.com,sarah997,946.47,T0003,TN
Emily,Garcia,emily.garcia@yahoo.com,sarah3,184.35,T1107,TF
Sarah,Brown,michael.smith@hotmail.com,david992,974.65,T0800,RS
John,Jones,john.williams@gmail.com,jane404,162.21,T0006,MW
Michael,Jones,john.jones@yahoo.com,david819,348.38,T1107,ST
Michael,Smith,emily.garcia@gmail.com,john870,47.27,T0006,ML
Jane,Garcia,michael.garcia@gmail.com,john18,27.83,T1107,ZA
David,Jones,david.garcia@hotmail.com,jane177,20.76,T1201,SK
Michael,Williams,michael.garcia@gmail.com,david347,280.26,T0800,MF
Emily,Smith,michael.smith@gmail.com,emily383,317.18,T1201,YT
David,Williams,emily.jones@hotmail.com,sarah957,386.62,T0006,BO
Michael,Garcia,sarah.garcia@gmail.com,jane30,734.16,T1201,DK
Jane,Williams,john.smith@yahoo.com,sarah877,127.13,T1201,NG
David,Garcia,emily.johnson@yahoo.com,sarah618,878.67,T1201,KP
Michael,Johnson,michael.smith@hotmail.com,emily979,759.05,T0003,TG
Michael,Smith,emily.jones@yahoo.com,sarah901,823.78,T0003,MM
Emily,Smith,david.garcia@yahoo.com,emily863,871.53,T0800,RE
Jane,Garcia,john.johnson@hotmail.com,david488,708.86,T0003,KG
Sarah,Brown,michael.williams@yahoo.com,david762,882.62,T1107,NR
Sarah,Smith,david.garcia@gmail.com,michael91,827.47,T0006,BB
David,Smith,sarah.johnson@hotmail.com,emily684,101.39,T0006,MH
Sarah,Smith,john.williams@gmail.com,jane54,151.02,T1107,NO
John,Brown,sarah.brown@yahoo.com,michael939,826.05,T1107,JE
David,Brown,david.jones@gmail.com,jane358,341.11,T2103,RE
David,Williams,michael.williams@hotmail.com,jane524,500.32,T0003,BW
John,Smith,emily.jones@gmail.com,sarah169,818.53,T0003,MT
Sarah,Garcia,sarah.jones@yahoo.com,david756,181.76,T2103,GE
Emily,Jones,michael.johnson@hotmail.com,david120,184.59,T0800,CM
Jane,Jones,john.garcia@gmail.com,david181,935.56,T0003,PE
Emily,Brown,david.smith@gmail.com,jane332,942.99,T1201,SJ
Michael,Garcia,david.johnson@hotmail.com,david778,237.71,T0800,TL
David,Garcia,michael.johnson@yahoo.com,sarah322,909.6,T1107,AM
Emily,Johnson,david.johnson@gmail.com,sarah434,25.9,T0003,BM
John,Johnson,david.smith@yahoo.com,emily758,68.07,T1201,KR
David,Brown,john.johnson@gmail.com,michael50,598.54,T0003,CI
Emily,Smith,sarah.johnson@hotmail.com,john809,202.01,T2103,AE
Emily,Garcia,john.garcia@gmail.com,jane917,138.17,T0003,TV
David,Jones,john.jones@yahoo.com,emily433,645.39,T0003,GB
Emily,Williams,david.garcia@gmail.com,david119,573.47,T1107,AI
Sarah,Williams,jane.brown@hotmail.com,john749,141.62,T1201,VA
Jane,Jones,emily.jones@gmail.com,sarah784,638.89,T0006,CD
David,Brown,emily.williams@yahoo.com,jane505,243.5,T1201,AM
Emily,Williams,sarah.johnson@yahoo.com,michael496,841.02,T0006,KH
Jane,Smith,john.smith@hotmail.com,michael24,311.31,T0800,BF
Emily,Johnson,john.williams@yahoo.com,michael647,87.29,T0003,CM
Emily,Garcia,sarah.jones@yahoo.com,john551,763.42,T0003,GP
John,Brown,john.garcia@hotmail.com,john311,288.04,T0003,GN
Emily,Jones,emily.williams@hotmail.com,jane772,118.13,T2103,WS
Jane,Garcia,david.garcia@yahoo.com,sarah949,704.12,T1107,NE
Emily,Smith,sarah.brown@yahoo.com,sarah161,954.21,T1107,KZ
Emily,Jones,john.garcia@hotmail.com,jane20,876.41,T2103,CU
Sarah,Brown,sarah.garcia@gmail.com,john760,532.9,T2103,IN
Sarah,Garcia,michael.smith@yahoo.com,david743,395.25,T0003,CM
Jane,Smith,sarah.garcia@hotmail.com,jane542,67.68,T1201,MA
David,Johnson,michael.garcia@gmail.com,david658,29.43,T1107,BV
David,Brown,michael.johnson@hotmail.com,sarah784,891.38,T2103,CN
Sarah,Brown,david.brown@gmail.com,sarah251,570.62,T0003,SB
Sarah,Smith,emily.brown@yahoo.com,david879,607.06,T0006,KR
David,Brown,emily.smith@gmail.com,jane823,502.8,T0003,ME
Sarah,Smith,sarah.smith@gmail.com,john599,228.11,T1107,AS
Jane,Williams,john.jones@hotmail.com,john873,198.44,T0006,NA
Sarah,Smith,michael.jones@yahoo.com,michael760,585.97,T1201,PT
Emily,Brown,sarah.brown@gmail.com,david105,875.02,T0003,AO
Jane,Jones,david.johnson@yahoo.com,sarah409,971.7,T0800,NO
Emily,Smith,michael.brown@hotmail.com,john607,508.07,T1107,NL
Sarah,Brown,john.brown@hotmail.com,michael693,402.47,T0006,US
Jane,Brown,emily.smith@gmail.com,emily870,964.44,T0006,BF
Emily,Williams,john.jones@yahoo.com,sarah436,693.21,T1201,IR
Jane,Brown,john.garcia@gmail.com,sarah467,485.17,T2103,NL
Jane,Garcia,sarah.smith@gmail.com,john600,198.38,T1201,TM
David,Johnson,john.johnson@hotmail.com,john220,352.72,T1201,NU
Jane,Jones,sarah.williams@yahoo.com,emily173,190.03,T1107,PL
John,Jones,sarah.johnson@yahoo.com,michael449,631.07,T2103,MX
Sarah,Jones,emily.smith@yahoo.com,david135,660.44,T1107,MW
John,Brown,jane.jones@gmail.com,sarah941,600.71,T0800,MM
Emily,Garcia,michael.williams@gmail.com,sarah453,980.5,T2103,TM
Jane,Johnson,jane.jones@gmail.com,david569,202.53,T0003,UG
Sarah,Johnson,emily.garcia@yahoo.com,michael830,686.58,T1201,NF
David,Johnson,emily.williams@hotmail.com,sarah352,999.91,T0003,CG
David,Johnson,sarah.jones@hotmail.com,david530,407.79,T1107,SD
Michael,Johnson,michael.smith@hotmail.com,sarah553,194.45,T0800,TN
David,Garcia,sarah.brown@yahoo.com,david66,560.5,T0003,SD
Sarah,Jones,emily.jones@yahoo.com,john754,352.08,T0006,GY
Michael,Johnson,sarah.garcia@yahoo.com,john320,925.96,T0003,ID
Sarah,Williams,emily.jones@yahoo.com,jane89,763.82,T1201,NE
Emily,Smith,sarah.smith@gmail.com,john903,148.56,T2103,NI
Emily,Garcia,emily.johnson@gmail.com,emily360,455.35,T0003,VG
John,Garcia,emily.johnson@yahoo.com,jane511,234.71,T2103,SZ
Michael,Smith,sarah.johnson@hotmail.com,jane368,930.14,T0003,TK
David,Garcia,john.williams@gmail.com,emily205,365.98,T0003,RW
Jane,Johnson,jane.garcia@gmail.com,john453,761.16,T0800,ZM
Sarah,Brown,sarah.williams@gmail.com,emily919,563.23,T0800,MQ
David,Johnson,john.jones@hotmail.com,john830,645.51,T0006,GW
Michael,Brown,jane.williams@hotmail.com,emily346,734.22,T0800,SZ
Sarah,Williams,jane.jones@yahoo.com,emily138,187.73,T0800,YE
John,Williams,jane.garcia@hotmail.com,jane513,179.88,T0003,TH
David,Williams,jane.smith@gmail.com,emily476,98.15,T0003,LU
Jane,Johnson,emily.smith@hotmail.com,jane813,858.74,T1107,VI
Emily,Jones,john.smith@yahoo.com,michael321,91.01,T0006,HR
Michael,Brown,john.garcia@hotmail.com,john162,205.61,T1201,ER
Jane,Williams,david.williams@hotmail.com,michael283,874.9,T2103,DE
Michael,Johnson,emily.johnson@yahoo.com,jane26,639,T2103,IE
David,Jones,david.garcia@hotmail.com,john732,794.76,T1201,SJ
Sarah,Williams,michael.smith@hotmail.com,michael567,272.38,T0800,NP
Emily,Jones,john.williams@gmail.com,john539,686.59,T2103,PR
Michael,Brown,sarah.johnson@yahoo.com,emily661,499.08,T1107,NR
Sarah,Williams,jane.brown@yahoo.com,jane145,391.69,T1107,RE
Sarah,Jones,david.jones@gmail.com,sarah472,208.16,T0006,VA
Jane,Brown,jane.smith@gmail.com,john729,276.77,T0800,GL
Emily,Garcia,john.williams@hotmail.com,john217,906.85,T2103,PF
Emily,Johnson,michael.jones@yahoo.com,sarah646,617.12,T1201,QA
Emily,Smith,michael.williams@gmail.com,michael808,682.57,T0003,VG
David,Johnson,michael.garcia@gmail.com,michael262,97.61,T1107,CX
Emily,Garcia,emily.smith@gmail.com,emily85,963.96,T0003,NZ
Jane,Johnson,michael.brown@hotmail.com,jane721,445.38,T1107,IS
Jane,Brown,emily.jones@gmail.com,jane245,842.6,T0006,AG
Emily,Brown,david.williams@gmail.com,john569,276.39,T0800,CC
Jane,Garcia,david.garcia@yahoo.com,jane3,273.79,T1201,ME
Sarah,Jones,david.brown@yahoo.com,emily906,91.29,T1201,MC
Jane,Brown,michael.williams@gmail.com,david734,792,T0003,FM
Sarah,Jones,emily.johnson@gmail.com,sarah294,332.27,T2103,LU
Sarah,Garcia,emily.jones@yahoo.com,john90,627.9,T1107,SY
John,Johnson,michael.williams@gmail.com,john93,870.78,T1107,SS
David,Williams,emily.brown@hotmail.com,michael818,256.77,T2103,JO
David,Jones,jane.smith@gmail.com,david757,747.58,T1201,BE
Jane,Johnson,emily.johnson@gmail.com,jane7,60.98,T0003,BI
Michael,Brown,david.williams@gmail.com,emily398,483.62,T0006,SD
Emily,Jones,michael.smith@gmail.com,sarah116,45.98,T0003,IL
Jane,Brown,emily.johnson@gmail.com,emily858,730.21,T1107,VG
David,Smith,michael.jones@gmail.com,john411,929.61,T1201,VU
Jane,Johnson,david.jones@gmail.com,david820,489.28,T0003,HM
Emily,Jones,emily.garcia@gmail.com,david111,917.05,T0800,MZ
John,Jones,john.brown@gmail.com,john72,573.6,T1201,CL
Jane,Brown,sarah.smith@gmail.com,sarah787,103.51,T2103,NA
John,Jones,david.williams@gmail.com,emily983,485.9,T1201,FO
Michael,Garcia,jane.garcia@yahoo.com,john993,192.01,T0800,MY
Jane,Jones,michael.smith@hotmail.com,sarah421,800.25,T0003,WS
Sarah,Smith,john.johnson@hotmail.com,david447,271.51,T1201,BA
John,Smith,jane.williams@gmail.com,jane5,821.16,T2103,CF
Emily,Garcia,michael.johnson@yahoo.com,emily722,287.24,T0003,VE
David,Garcia,emily.brown@yahoo.com,michael321,364.69,T2103,FI
Emily,Jones,jane.brown@hotmail.com,michael699,627.35,T1107,BG
Sarah,Garcia,david.brown@yahoo.com,john641,27.69,T2103,GS
Sarah,Brown,sarah.williams@gmail.com,jane744,585.76,T0800,MZ
Emily,Williams,john.johnson@hotmail.com,jane613,101.72,T0800,AW
John,Johnson,john.jones@hotmail.com,jane184,897.6,T1201,KE
Michael,Williams,jane.jones@gmail.com,michael842,113.37,T0003,LB
John,Garcia,jane.jones@gmail.com,sarah410,855.48,T1201,LV
Emily,Smith,jane.garcia@gmail.com,jane442,610.62,T1201,BV
John,Jones,sarah.smith@yahoo.com,emily766,883.04,T0800,MW
John,Johnson,david.smith@gmail.com,jane852,445.59,T0006,GP
John,Garcia,michael.brown@hotmail.com,emily195,525.58,T1201,EH
Emily,Johnson,jane.johnson@yahoo.com,sarah183,186.9,T0003,VE
Emily,Jones,michael.jones@gmail.com,jane387,775.69,T2103,MC
Michael,Brown,michael.jones@gmail.com,emily753,809.14,T0003,TN
Jane,Brown,john.jones@yahoo.com,john432,373.44,T0800,LY
Sarah,Jones,emily.smith@yahoo.com,john190,614.15,T1201,GY
Emily,Smith,emily.williams@hotmail.com,sarah397,117.45,T1107,KH
Michael,Jones,sarah.williams@hotmail.com,sarah291,135.8,T0006,IE
John,Jones,david.garcia@gmail.com,jane705,355.73,T1107,NZ
Michael,Jones,david.williams@gmail.com,john158,964.87,T1201,FM
Sarah,Smith,emily.jones@gmail.com,jane554,135.65,T0003,KR
John,Williams,david.brown@yahoo.com,sarah60,554.39,T0006,TD
Sarah,Jones,david.garcia@yahoo.com,michael609,559.12,T0800,IQ
Sarah,Smith,jane.smith@hotmail.com,john864,824.86,T1201,BZ
Emily,Jones,david.brown@hotmail.com,john596,442.64,T1201,MZ
Sarah,Garcia,john.smith@yahoo.com,john498,260.78,T1201,MF
Jane,Smith,emily.johnson@hotmail.com,michael988,694.89,T1107,US
David,Smith,john.williams@hotmail.com,emily311,92.26,T1107,SK
John,Smith,emily.smith@hotmail.com,john980,553.06,T1201,LV
Jane,Garcia,john.garcia@hotmail.com,john494,459.26,T0006,AF
Emily,Williams,michael.smith@gmail.com,emily76,723.36,T2103,VC
David,Williams,david.garcia@gmail.com,jane793,808.02,T0006,MO
Jane,Brown,john.johnson@gmail.com,emily24,399.03,T1107,CA
David,Williams,david.jones@yahoo.com,david562,739.56,T0003,MO
Emily,Johnson,michael.johnson@gmail.com,john619,677.42,T2103,VG
Jane,Brown,jane.williams@hotmail.com,jane532,926.37,T0800,VN
Michael,Smith,sarah.johnson@yahoo.com,john127,581.67,T2103,MX
Jane,Smith,jane.jones@hotmail.com,john285,439.4,T2103,JP
John,Smith,john.brown@hotmail.com,sarah789,140.75,T1201,IS
Emily,Williams,sarah.garcia@gmail.com,jane632,3.88,T0003,GB
Jane,Jones,michael.smith@hotmail.com,david308,133.32,T1201,GM
John,Brown,jane.brown@hotmail.com,emily467,698.93,T0003,BE
David,Garcia,michael.johnson@yahoo.com,sarah465,576.69,T0006,TT
Michael,Jones,sarah.brown@hotmail.com,sarah347,823.99,T0003,KH
Sarah,Johnson,emily.brown@gmail.com,john495,956.81,T1107,BF
John,Smith,david.johnson@yahoo.com,michael459,503.82,T2103,SK
Jane,Williams,david.johnson@gmail.com,sarah371,393.64,T0800,TD
Emily,Smith,sarah.williams@gmail.com,jane141,270.38,T1201,RS
John,Williams,emily.garcia@hotmail.com,michael5,938.9,T0800,BL
John,Jones,michael.brown@gmail.com,sarah931,428.72,T0003,CZ
Emily,Jones,michael.garcia@yahoo.com,david791,467.61,T1107,RO
Emily,Garcia,john.jones@yahoo.com,jane916,348.11,T0003,GB
Jane,Williams,jane.jones@hotmail.com,michael989,262.9,T0006,KE
Emily,Garcia,emily.smith@gmail.com,john910,145.28,T0800,TV
John,Jones,john.smith@gmail.com,john319,891.88,T1107,TJ
John,Johnson,jane.jones@yahoo.com,michael602,286.94,T0003,HR
John,Johnson,michael.williams@yahoo.com,michael288,710.93,T1201,AR
John,Brown,jane.williams@gmail.com,michael368,224.86,T2103,GN
John,Jones,sarah.brown@yahoo.com,sarah350,558.26,T1201,ST
John,Brown,jane.brown@gmail.com,sarah430,722.54,T0003,GB
Jane,Williams,sarah.smith@gmail.com,sarah349,467.38,T0006,MR
David,Garcia,john.jones@gmail.com,michael268,423.42,T0006,NA
Michael,Jones,michael.brown@gmail.com,emily92,777.55,T0800,KY
Michael,Jones,sarah.johnson@yahoo.com,david229,410.14,T1201,BG
Emily,Jones,jane.smith@gmail.com,jane114,732,T0006,KR
Emily,Brown,sarah.smith@gmail.com,john588,178.76,T0006,TN
Emily,Smith,michael.jones@gmail.com,emily504,549.97,T1201,EC
Sarah,Williams,sarah.smith@gmail.com,michael593,749.31,T0003,MA
Emily,Jones,sarah.jones@yahoo.com,sarah312,959.32,T0006,HR
Emily,Williams,jane.williams@yahoo.com,jane61,857.42,T1107,GP
John,Smith,sarah.brown@yahoo.com,sarah536,868.91,T0003,IL
Michael,Brown,jane.jones@gmail.com,michael863,328.73,T0800,BL
John,Garcia,emily.brown@gmail.com,john41,814.02,T1107,DE
John,Williams,emily.garcia@hotmail.com,john31,797.84,T1107,BF
Emily,Williams,david.garcia@yahoo.com,michael114,968.93,T2103,AU
Jane,Williams,john.jones@yahoo.com,emily915,268.2,T0800,AQ
John,Smith,david.smith@gmail.com,sarah84,367.64,T0800,DJ
Emily,Garcia,jane.brown@hotmail.com,emily119,786.16,T1201,CH
Jane,Williams,john.jones@yahoo.com,jane185,929.31,T0003,AX
Michael,Johnson,emily.brown@gmail.com,john33,953.43,T0800,PM
John,Johnson,john.williams@yahoo.com,john858,517.57,T1107,TH
Jane,Garcia,emily.johnson@gmail.com,jane461,742.61,T2103,IS
Emily,Brown,emily.garcia@yahoo.com,david799,441.81,T2103,BH
John,Jones,david.jones@gmail.com,emily195,829.65,T1107,MU
Jane,Garcia,emily.williams@gmail.com,jane912,907.76,T1201,HR
Michael,Brown,michael.smith@yahoo.com,sarah278,899.75,T0003,SB
David,Jones,david.garcia@yahoo.com,emily43,330.81,T0006,KI
Jane,Brown,john.brown@hotmail.com,emily760,934.14,T0800,ML
David,Williams,jane.johnson@yahoo.com,john357,43.34,T2103,TN
Emily,Johnson,sarah.brown@gmail.com,sarah867,239.16,T1201,HM
Michael,Garcia,jane.smith@hotmail.com,emily866,643.99,T1107,IR
Sarah,Brown,emily.brown@hotmail.com,sarah494,688.09,T0006,PW
John,Jones,john.smith@hotmail.com,sarah395,988.84,T0003,PT
Jane,Johnson,emily.johnson@hotmail.com,emily178,506.36,T0800,GI
David,Garcia,sarah.garcia@hotmail.com,emily663,669.69,T0003,SS
David,Johnson,jane.williams@gmail.com,michael374,653.61,T1201,SC
Emily,Jones,sarah.brown@gmail.com,sarah305,222.87,T1107,UZ
John,Johnson,michael.garcia@hotmail.com,david699,877.33,T2103,JE
Emily,Brown,jane.garcia@hotmail.com,david372,235.2,T1201,HR
Jane,Williams,jane.brown@yahoo.com,jane534,892.59,T0006,CO
Emily,Johnson,emily.jones@hotmail.com,michael578,50.27,T2103,KN
Emily,Garcia,john.garcia@hotmail.com,sarah457,325.18,T0003,LI
Emily,Garcia,michael.garcia@gmail.com,jane74,640.57,T0800,PE
Emily,Johnson,sarah.smith@yahoo.com,john669,928.47,T0003,MV
Sarah,Smith,emily.johnson@hotmail.com,emily363,93.39,T2103,VI
John,Brown,john.garcia@hotmail.com,john602,545.28,T2103,VE
David,Johnson,emily.smith@gmail.com,david700,526.21,T0006,PG
David,Johnson,david.smith@gmail.com,jane897,955.24,T0006,CA
Emily,Smith,john.williams@hotmail.com,jane718,592.85,T1201,CW
Sarah,Garcia,emily.smith@gmail.com,sarah605,339.35,T0800,ME
Sarah,Williams,michael.smith@gmail.com,john535,799.68,T0006,KI
David,Williams,emily.garcia@yahoo.com,david342,911.98,T2103,IS
John,Garcia,michael.smith@gmail.com,michael883,998.8,T0800,IM
Jane,Williams,michael.williams@hotmail.com,michael550,173.62,T1201,ET
Jane,Garcia,jane.smith@yahoo.com,jane804,244.29,T1201,DK
John,Smith,emily.jones@gmail.com,sarah768,578.54,T2103,CL
Sarah,Johnson,john.johnson@hotmail.com,sarah781,966.69,T0003,PF
Emily,Williams,jane.brown@yahoo.com,david916,764.93,T1107,MT
John,Smith,sarah.jones@hotmail.com,emily569,517.01,T0006,SO
Emily,Smith,sarah.smith@gmail.com,david525,918.37,T1201,PN
Michael,Brown,david.williams@yahoo.com,emily515,817.44,T1107,NL
John,Brown,david.brown@yahoo.com,david298,856.92,T0006,TL
Sarah,Jones,john.jones@hotmail.com,jane308,109.43,T0006,TO
David,Williams,sarah.brown@yahoo.com,jane831,170.98,T1107,UZ
Jane,Garcia,emily.garcia@yahoo.com,michael913,642.05,T0003,KY
David,Jones,emily.jones@yahoo.com,emily952,102.26,T0006,ET
Michael,Garcia,jane.garcia@hotmail.com,john428,802.74,T1107,GN
David,Johnson,emily.johnson@gmail.com,michael128,581.26,T0800,BS
David,Johnson,sarah.jones@yahoo.com,david1,410.67,T0003,KZ
Michael,Johnson,jane.williams@gmail.com,emily923,584.36,T2103,HU
Jane,Williams,jane.jones@yahoo.com,emily190,697.08,T0800,PT
Michael,Garcia,jane.smith@gmail.com,john134,312.57,T2103,MT
Emily,Williams,sarah.smith@yahoo.com,michael522,267.24,T2103,AQ
Michael,Brown,david.williams@yahoo.com,sarah875,572.06,T1107,SV
John,Garcia,john.smith@hotmail.com,david985,328.86,T0003,HK
Emily,Williams,david.smith@yahoo.com,david857,118.41,T0006,LC
David,Smith,john.smith@gmail.com,john71,916.03,T1201,DZ
Emily,Garcia,emily.williams@hotmail.com,john402,199.34,T1107,DZ
Emily,Williams,john.smith@hotmail.com,emily287,25.75,T0800,BA
John,Williams,sarah.johnson@gmail.com,michael140,189.24,T2103,FO
Michael,Williams,emily.johnson@yahoo.com,emily459,827.53,T0003,BL
Jane,Garcia,jane.smith@gmail.com,emily420,562.56,T0800,HK
David,Garcia,john.garcia@yahoo.com,david247,697.48,T0800,SL
David,Jones,john.williams@hotmail.com,emily67,591.64,T0003,AI
Jane,Smith,john.johnson@gmail.com,jane299,944.92,T0003,LT
John,Brown,michael.johnson@yahoo.com,david360,186.87,T2103,SD
Emily,Johnson,jane.brown@yahoo.com,sarah906,452.82,T0006,IE
Sarah,Williams,emily.smith@hotmail.com,sarah579,427.01,T0800,KM
David,Williams,michael.williams@hotmail.com,john630,378.46,T1107,UZ
John,Brown,john.brown@hotmail.com,john44,62.49,T2103,SO
David,Brown,emily.johnson@gmail.com,jane278,906.32,T0006,VG
Sarah,Brown,jane.johnson@yahoo.com,john585,341.44,T2103,WF
John,Jones,emily.brown@hotmail.com,emily233,256.07,T1201,EG
Jane,Garcia,sarah.brown@gmail.com,sarah57,876,T0800,JP
David,Garcia,jane.smith@hotmail.com,john993,622.96,T1107,CV
Sarah,Williams,michael.smith@yahoo.com,michael479,348.56,T0003,PK
Michael,Brown,jane.garcia@yahoo.com,john657,462.71,T2103,NZ
Emily,Garcia,john.smith@hotmail.com,jane683,442.76,T1201,BD
John,Brown,john.johnson@gmail.com,jane364,987.92,T2103,GS
Michael,Williams,emily.johnson@hotmail.com,john409,201.21,T0003,AI
David,Williams,michael.johnson@gmail.com,david450,951.45,T0006,TC
Jane,Brown,jane.brown@yahoo.com,john759,932.99,T1201,GS
John,Johnson,david.smith@hotmail.com,michael808,604.29,T0003,CX
Jane,Garcia,john.garcia@gmail.com,michael180,52.05,T0003,VA
Michael,Brown,emily.garcia@hotmail.com,jane441,267.66,T1107,TT
John,Johnson,jane.johnson@yahoo.com,emily604,16.84,T1201,SD
Emily,Johnson,david.garcia@gmail.com,michael984,326.9,T2103,MN
Michael,Johnson,david.johnson@yahoo.com,emily377,135.36,T1107,CN
John,Garcia,michael.smith@hotmail.com,sarah626,898.9,T0003,UG
Michael,Johnson,emily.smith@hotmail.com,john289,748.71,T0006,SX
John,Johnson,john.garcia@yahoo.com,david679,223.49,T0800,FJ
David,Johnson,jane.jones@hotmail.com,michael775,965.29,T1201,MS
Emily,Smith,emily.brown@gmail.com,sarah351,647.7,T0800,VU
Emily,Garcia,david.jones@gmail.com,sarah562,743.3,T0800,DZ
John,Brown,jane.garcia@gmail.com,david852,111.27,T1107,VI
Jane,Brown,sarah.smith@yahoo.com,john120,891.67,T0800,UA
David,Garcia,jane.jones@hotmail.com,emily434,907.78,T1107,HR
Michael,Brown,jane.brown@yahoo.com,john670,928.39,T0006,KY
Sarah,Garcia,jane.brown@hotmail.com,jane433,422.78,T1201,NP
Michael,Jones,jane.smith@yahoo.com,michael171,25.86,T2103,JP
John,Garcia,emily.smith@hotmail.com,michael393,550.49,T0800,ZW
David,Smith,michael.smith@gmail.com,sarah731,538.33,T1107,KR
Emily,Smith,sarah.williams@hotmail.com,sarah69,692.38,T1107,UG
Emily,Brown,emily.jones@hotmail.com,sarah836,54.66,T1201,TF
David,Johnson,david.johnson@gmail.com,sarah489,74.83,T2103,CZ
John,Garcia,david.johnson@yahoo.com,michael148,698.77,T0006,SL
Jane,Jones,emily.jones@hotmail.com,emily632,752.47,T1201,VN
Emily,Williams,sarah.brown@gmail.com,emily323,885.95,T0006,GE
Jane,Smith,sarah.jones@hotmail.com,emily343,118.41,T0006,KZ
Jane,Garcia,michael.williams@hotmail.com,emily331,353.43,T1201,CW
David,Garcia,david.johnson@yahoo.com,emily595,927.07,T1201,CG
Sarah,Garcia,david.garcia@gmail.com,sarah4,357.22,T0006,PR
David,Johnson,jane.jones@hotmail.com,sarah56,624.24,T0006,BZ
David,Williams,jane.williams@yahoo.com,sarah591,448.34,T2103,TD
David,Smith,emily.williams@gmail.com,david800,602.57,T0003,HK
Emily,Smith,john.garcia@gmail.com,emily848,757.03,T0006,FI
Michael,Williams,michael.brown@hotmail.com,emily933,609.4,T2103,TH
Sarah,Johnson,sarah.johnson@yahoo.com,emily164,117.32,T0003,SR
John,Smith,jane.smith@yahoo.com,michael201,307.21,T0800,MY
Sarah,Johnson,john.smith@hotmail.com,sarah977,785.29,T0800,LB
John,Johnson,michael.johnson@yahoo.com,sarah377,521.87,T1107,DM
Emily,Jones,michael.williams@hotmail.com,jane548,174.51,T0800,IQ
Sarah,Jones,david.garcia@yahoo.com,michael858,261.23,T0003,CF
Sarah,Brown,emily.brown@gmail.com,michael386,217.88,T1107,FJ
Jane,Brown,david.williams@gmail.com,emily156,142.47,T0800,BN
Jane,Smith,jane.smith@hotmail.com,sarah96,134.33,T2103,VE
Michael,Garcia,emily.smith@gmail.com,jane600,214.16,T0003,BJ
David,Williams,michael.garcia@hotmail.com,emily291,41.26,T0800,UM
Michael,Johnson,david.garcia@yahoo.com,david575,249.83,T1107,ET
Jane,Jones,david.jones@gmail.com,david159,906.79,T0003,CF
Emily,Smith,john.brown@yahoo.com,david354,716.55,T0006,TJ
David,Williams,emily.brown@gmail.com,emily329,699.78,T1107,NU
Sarah,Garcia,jane.williams@hotmail.com,michael49,919.57,T0003,LS
Sarah,Johnson,emily.garcia@hotmail.com,jane680,515.65,T0003,PK
John,Williams,emily.smith@yahoo.com,david604,586.74,T2103,IR
Jane,Williams,emily.williams@hotmail.com,emily101,999.8,T0006,CY
Jane,Brown,john.garcia@yahoo.com,john332,910.5,T0003,GN
Michael,Johnson,sarah.williams@hotmail.com,sarah732,922.59,T0006,FI
Sarah,Williams,jane.brown@hotmail.com,michael888,714.17,T0800,MF
Sarah,Brown,david.johnson@hotmail.com,david172,664.53,T0006,VC
David,Brown,jane.smith@gmail.com,emily918,527.58,T0006,SG
Michael,Garcia,emily.williams@gmail.com,david667,723.89,T0800,AI
Emily,Smith,emily.jones@gmail.com,sarah343,102.06,T0800,PH
Sarah,Jones,david.johnson@gmail.com,david278,969.53,T2103,SB
Jane,Garcia,sarah.brown@hotmail.com,emily904,358.5,T2103,GL
Emily,Smith,jane.johnson@yahoo.com,john268,467.18,T0800,AQ
Michael,Jones,sarah.jones@gmail.com,john661,723.59,T0003,JO
John,Brown,michael.johnson@gmail.com,john697,492.12,T2103,AW
David,Smith,emily.garcia@yahoo.com,david641,718.56,T1201,JE
Sarah,Williams,emily.johnson@yahoo.com,jane27,676.92,T0800,AZ
Emily,Smith,emily.garcia@hotmail.com,jane700,481.46,T1107,KP
Emily,Garcia,emily.smith@gmail.com,john474,619.4,T0003,BJ
David,Brown,michael.williams@yahoo.com,david684,958.81,T0006,KG
Michael,Garcia,sarah.johnson@gmail.com,sarah143,28.24,T1107,BL
Jane,Smith,john.brown@hotmail.com,emily831,545.68,T0800,TD
Sarah,Smith,michael.garcia@gmail.com,sarah552,243.91,T0003,MA
Sarah,Smith,david.jones@hotmail.com,david285,552.55,T0800,CM
David,Williams,michael.jones@yahoo.com,david922,442.77,T0003,DE
Michael,Brown,emily.garcia@gmail.com,michael792,236.41,T0006,GM
Jane,Williams,emily.garcia@yahoo.com,emily724,523.14,T1107,TR
Michael,Smith,john.johnson@yahoo.com,emily47,929.86,T2103,ZA
Sarah,Garcia,michael.smith@yahoo.com,jane961,415.63,T0003,CX
Michael,Jones,michael.williams@hotmail.com,jane82,301.14,T0800,EG
Jane,Jones,michael.smith@gmail.com,emily553,195.34,T0006,GF
Emily,Jones,jane.garcia@gmail.com,michael530,324.57,T0006,PA
Sarah,Smith,sarah.jones@yahoo.com,david780,710.08,T2103,LA
David,Smith,michael.johnson@gmail.com,jane345,219.55,T1107,AQ
Emily,Johnson,emily.johnson@gmail.com,emily158,232.25,T1107,EC
Jane,Garcia,michael.williams@hotmail.com,emily508,567.21,T1201,NO
Michael,Jones,john.jones@gmail.com,michael275,881.79,T0003,TK
David,Garcia,michael.johnson@yahoo.com,john323,543.04,T1107,SZ
Emily,Garcia,sarah.jones@gmail.com,jane588,456.68,T0003,GI
Emily,Williams,emily.williams@hotmail.com,emily726,172.18,T1201,FO
Sarah,Johnson,michael.jones@gmail.com,david798,677.22,T1107,PW
John,Smith,david.garcia@hotmail.com,sarah975,446.94,T0003,MY
Sarah,Johnson,emily.garcia@hotmail.com,john516,296.71,T1201,BW
David,Williams,john.williams@gmail.com,emily374,673.28,T0006,WF
Sarah,Williams,michael.smith@gmail.com,david875,64.77,T2103,SZ
Michael,Smith,jane.brown@gmail.com,david92,378.39,T2103,FI
Michael,Garcia,jane.smith@yahoo.com,emily196,927.88,T0800,BO
Sarah,Garcia,sarah.johnson@gmail.com,john845,64.55,T0800,IM
Sarah,Smith,sarah.garcia@gmail.com,emily356,441.87,T2103,RO
John,Brown,emily.jones@gmail.com,emily217,412.51,T1201,AO
Emily,Brown,emily.garcia@yahoo.com,emily530,894.57,T1107,TL
Jane,Jones,sarah.williams@hotmail.com,emily122,658.26,T0800,GA
Jane,Jones,emily.johnson@hotmail.com,john597,827.42,T2103,PL
Michael,Johnson,david.smith@yahoo.com,david451,995.24,T2103,CW
John,Jones,david.johnson@yahoo.com,john926,152.71,T1107,SN
Emily,Jones,sarah.williams@hotmail.com,michael824,228.06,T1107,GU
John,Brown,david.smith@yahoo.com,david485,294.86,T0800,WF
David,Smith,david.garcia@gmail.com,michael444,568.35,T1201,CF
John,Garcia,sarah.smith@gmail.com,jane696,610.84,T0003,MD
David,Brown,david.williams@yahoo.com,sarah327,638.2,T0800,KE
Sarah,Johnson,david.garcia@yahoo.com,john761,900.49,T0003,SN
Emily,Williams,david.williams@hotmail.com,sarah760,64.31,T0006,SE
John,Jones,john.brown@yahoo.com,john368,694.51,T0800,AX
John,Garcia,sarah.brown@gmail.com,john244,642.66,T1107,YE
John,Brown,jane.williams@yahoo.com,david494,697.05,T0800,VI
John,Garcia,emily.smith@hotmail.com,sarah754,698.25,T2103,YT
Sarah,Garcia,sarah.brown@yahoo.com,emily827,554.02,T0006,NZ
John,Williams,david.williams@gmail.com,jane541,533.2,T2103,MO
John,Garcia,sarah.brown@yahoo.com,john287,870.88,T1107,BY
David,Williams,emily.smith@hotmail.com,david979,51.78,T0800,FR
David,Smith,michael.johnson@gmail.com,emily68,386.37,T1107,VI
Sarah,Johnson,jane.brown@hotmail.com,michael757,895.01,T1107,RE
Emily,Johnson,emily.jones@gmail.com,david24,138.56,T1107,GP
Michael,Garcia,david.williams@gmail.com,john157,287.78,T1107,PK
Sarah,Williams,sarah.jones@yahoo.com,sarah76,833.25,T0006,HR
Michael,Jones,michael.jones@yahoo.com,david403,44.66,T0006,OM
Jane,Williams,jane.johnson@yahoo.com,david934,146.83,T2103,ST
Sarah,Jones,emily.brown@gmail.com,michael56,846.72,T1107,IM
Michael,Smith,david.jones@gmail.com,sarah461,816.6,T0003,SA
Jane,Smith,michael.williams@yahoo.com,michael908,608.18,T0800,PL
Jane,Johnson,jane.johnson@gmail.com,john238,793.3,T2103,TN
Jane,Jones,john.brown@hotmail.com,david375,790.69,T0006,GE
Jane,Williams,michael.garcia@hotmail.com,emily671,48.43,T1201,IN
Jane,Garcia,emily.brown@yahoo.com,emily497,544.2,T0003,PF
Jane,Jones,jane.smith@hotmail.com,david571,332.27,T1201,BL
Emily,Brown,jane.johnson@yahoo.com,sarah343,414.29,T1201,PH
David,Jones,sarah.jones@gmail.com,sarah354,754.44,T1107,UA
David,Jones,jane.johnson@gmail.com,jane261,523.65,T0003,MQ
John,Garcia,emily.johnson@hotmail.com,sarah557,537.42,T1201,TD
Michael,Jones,jane.brown@gmail.com,emily759,998.14,T1201,NC
Michael,Brown,john.johnson@hotmail.com,emily252,191.51,T0006,IE
John,Johnson,john.smith@hotmail.com,emily531,34.81,T0003,SG
John,Garcia,john.brown@yahoo.com,emily799,472.84,T0800,SD
Michael,Williams,david.smith@gmail.com,sarah879,281.49,T0006,LU
John,Williams,john.brown@gmail.com,emily792,196.09,T0003,IQ
Emily,Garcia,emily.williams@hotmail.com,jane470,356.35,T2103,PG
David,Smith,michael.garcia@gmail.com,john261,355.45,T1107,PN
Emily,Johnson,emily.brown@hotmail.com,jane273,917.18,T1201,MV
Jane,Brown,emily.johnson@hotmail.com,sarah581,609.49,T0006,CU
Jane,Williams,john.williams@gmail.com,jane71,629.02,T0800,EC
Michael,Williams,sarah.brown@gmail.com,john580,875.36,T2103,JO
Sarah,Jones,jane.jones@yahoo.com,john102,301.35,T1107,MM
Sarah,Johnson,sarah.jones@yahoo.com,john238,763.15,T2103,NE
Emily,Brown,sarah.brown@gmail.com,john502,963.39,T1107,RS
Jane,Williams,michael.williams@yahoo.com,david66,911.09,T0003,LI
David,Jones,john.garcia@gmail.com,jane90,275,T2103,GF
Jane,Brown,emily.jones@gmail.com,sarah650,445.94,T0006,GU
Jane,Garcia,michael.garcia@hotmail.com,john139,379.98,T0006,TF
Emily,Brown,sarah.johnson@yahoo.com,michael824,885.98,T1201,SM
Jane,Brown,emily.garcia@yahoo.com,sarah788,644.67,T0800,JM
Michael,Williams,emily.brown@yahoo.com,michael377,835.72,T0006,PN
Michael,Brown,jane.brown@gmail.com,david662,872.32,T2103,LS
Michael,Williams,sarah.smith@gmail.com,michael296,16.68,T0006,SY
Jane,Garcia,david.smith@hotmail.com,emily818,907.51,T1201,SR
David,Smith,michael.jones@hotmail.com,sarah62,222.73,T0006,AD
David,Smith,sarah.garcia@hotmail.com,john898,980.11,T0800,JP
Emily,Williams,sarah.garcia@yahoo.com,jane702,238.55,T0006,SM
John,Garcia,emily.williams@hotmail.com,michael164,723.79,T0800,GS
Michael,Brown,jane.jones@gmail.com,jane656,386.47,T0006,BS
Sarah,Johnson,david.brown@hotmail.com,john991,88.69,T0800,SE
John,Jones,john.johnson@hotmail.com,emily70,629.17,T1201,IS
Michael,Johnson,michael.johnson@gmail.com,sarah588,374.72,T2103,MC
Sarah,Johnson,emily.garcia@hotmail.com,jane702,343.3,T0003,SM
John,Garcia,jane.brown@gmail.com,emily429,919.62,T0006,MT
Michael,Johnson,david.brown@hotmail.com,john761,791.47,T0006,IQ
Emily,Garcia,emily.jones@gmail.com,david708,708,T0800,BM
Emily,Johnson,emily.jones@yahoo.com,emily60,637.1,T1201,SD
Michael,Williams,michael.garcia@hotmail.com,michael988,741.63,T1107,HU
David,Jones,john.garcia@gmail.com,jane869,421.97,T0800,ML
Sarah,Williams,david.garcia@gmail.com,john528,360.89,T2103,DE
David,Johnson,sarah.brown@yahoo.com,emily107,192.46,T1107,VU
Jane,Johnson,michael.jones@hotmail.com,emily258,58.98,T1201,BI
John,Brown,sarah.garcia@gmail.com,sarah528,173.69,T2103,UM
David,Jones,michael.johnson@gmail.com,emily686,913.32,T1201,AQ
Michael,Brown,john.jones@hotmail.com,john537,932.41,T0006,QA
Michael,Brown,david.smith@hotmail.com,john19,345.46,T0003,VI
John,Jones,jane.smith@gmail.com,sarah873,96.14,T1201,PF
Jane,Williams,david.jones@yahoo.com,michael728,747.23,T0800,SJ
Michael,Williams,sarah.garcia@yahoo.com,david418,220.87,T0800,CW
Sarah,Garcia,emily.brown@yahoo.com,david868,959.69,T0800,CM
Sarah,Smith,michael.garcia@yahoo.com,sarah513,843.37,T1107,MZ
Jane,Brown,jane.johnson@hotmail.com,sarah907,318.58,T0006,TH
Michael,Johnson,david.jones@hotmail.com,john231,618.76,T2103,DM
John,Garcia,michael.johnson@hotmail.com,sarah59,353.47,T0003,VE
Emily,Jones,emily.brown@hotmail.com,michael791,594.4,T1107,PF
David,Garcia,david.johnson@gmail.com,david5,901.06,T1201,CZ
Emily,Smith,david.jones@yahoo.com,david2,894.55,T0003,CA
David,Smith,jane.jones@gmail.com,emily206,5.8,T1107,JE
Emily,Garcia,michael.jones@yahoo.com,john316,218.03,T1107,BR
Jane,Johnson,david.smith@gmail.com,jane508,698.88,T0800,AM
Michael,Brown,michael.brown@yahoo.com,sarah9,98.2,T0006,NU
Jane,Garcia,john.smith@gmail.com,john516,525.62,T2103,RU
John,Smith,david.garcia@gmail.com,jane379,487.42,T0800,NP
John,Garcia,michael.jones@gmail.com,sarah529,404.91,T0800,CH
Jane,Jones,michael.williams@yahoo.com,michael902,953.86,T0800,LY
David,Garcia,michael.brown@yahoo.com,michael953,148.32,T2103,NZ
Jane,Brown,sarah.smith@hotmail.com,david233,432.66,T2103,LU
David,Jones,jane.brown@yahoo.com,emily157,396.15,T0006,LY
David,Jones,jane.smith@yahoo.com,emily848,259.84,T0800,NA
Michael,Garcia,david.brown@gmail.com,sarah246,678.84,T2103,PN
Emily,Jones,sarah.garcia@gmail.com,jane959,122.73,T0006,PA
Sarah,Brown,david.smith@gmail.com,jane565,946,T1107,TH
Jane,Brown,john.williams@yahoo.com,john891,895.24,T0800,MG
Jane,Garcia,jane.smith@hotmail.com,sarah612,86.57,T0006,UM
David,Garcia,michael.brown@gmail.com,michael695,261.87,T2103,FJ
Emily,Smith,emily.williams@hotmail.com,david158,74.31,T0800,CO
David,Williams,sarah.johnson@yahoo.com,john164,513.44,T0003,BE
Emily,Jones,john.smith@yahoo.com,jane107,214.26,T1201,WF
John,Jones,david.garcia@hotmail.com,jane1,471.69,T1201,PF
David,Jones,michael.smith@hotmail.com,john111,590.33,T0800,CW
Sarah,Garcia,jane.jones@yahoo.com,david674,229.79,T1201,TN
Michael,Smith,david.johnson@gmail.com,michael868,854.04,T0006,BE
Michael,Brown,emily.williams@hotmail.com,jane149,79.54,T1107,SN
David,Johnson,jane.williams@yahoo.com,emily509,843.94,T0006,MK
Jane,Garcia,john.brown@hotmail.com,sarah662,974.38,T1107,SL
Jane,Brown,emily.brown@yahoo.com,jane850,815.58,T0006,VN
Emily,Williams,sarah.jones@gmail.com,jane515,357.47,T1107,PT
Emily,Jones,david.williams@yahoo.com,john932,781.66,T0003,BS
Michael,Brown,david.johnson@gmail.com,sarah778,754.32,T0003,HK
Sarah,Smith,emily.jones@hotmail.com,john792,242.52,T2103,UM
John,Williams,david.johnson@gmail.com,john388,862.83,T0003,GA
David,Brown,sarah.smith@gmail.com,david430,112.44,T0006,BY
John,Brown,david.brown@gmail.com,jane798,253.99,T0006,UY
David,Jones,emily.brown@gmail.com,emily814,772.25,T0006,FO
Jane,Brown,david.williams@gmail.com,emily376,64.32,T0006,FJ
John,Johnson,jane.johnson@yahoo.com,sarah544,776.76,T0006,AL
Sarah,Garcia,david.williams@hotmail.com,david358,392.64,T1107,HR
Sarah,Johnson,david.johnson@hotmail.com,sarah614,397.94,T2103,CF
John,Smith,david.jones@hotmail.com,john774,664.8,T0800,KE
John,Brown,david.brown@gmail.com,michael311,847.91,T1107,RW
John,Johnson,jane.williams@yahoo.com,sarah485,193.26,T0800,JP
Sarah,Johnson,john.garcia@yahoo.com,michael533,827.82,T0800,BA
Jane,Brown,john.brown@gmail.com,david632,724.97,T1107,TZ
Michael,Johnson,michael.williams@hotmail.com,jane711,168.9,T0006,CX
Jane,Williams,michael.williams@hotmail.com,emily795,524.21,T1201,NL
Sarah,Williams,emily.brown@hotmail.com,john844,427.9,T1107,IL
David,Garcia,john.johnson@gmail.com,michael893,811.37,T0800,SY
John,Garcia,emily.brown@hotmail.com,david192,13.52,T0006,TT
Jane,Johnson,michael.jones@gmail.com,michael967,320.93,T0003,NL
Emily,Williams,emily.jones@gmail.com,david228,708.38,T0800,KR
Jane,Smith,michael.smith@hotmail.com,emily225,531.9,T1201,US
Sarah,Johnson,jane.johnson@hotmail.com,michael334,695.52,T1107,NI
John,Smith,michael.jones@gmail.com,sarah164,722.85,T0003,NL
David,Johnson,michael.brown@gmail.com,david838,742.46,T0006,HK
John,Brown,michael.williams@hotmail.com,john229,283.68,T1107,HU
Emily,Williams,david.smith@gmail.com,jane843,77.1,T0003,KY
John,Garcia,david.brown@gmail.com,sarah830,943.95,T0003,SO
David,Williams,david.brown@yahoo.com,emily800,525.01,T0800,TD
Sarah,Williams,john.jones@yahoo.com,jane221,702.34,T0006,AS
Sarah,Brown,david.williams@yahoo.com,sarah813,800.72,T0800,VC
John,Brown,john.jones@gmail.com,sarah626,654.53,T0003,BQ
Sarah,Brown,michael.johnson@gmail.com,michael334,689.16,T0003,SY
Jane,Johnson,emily.jones@yahoo.com,emily753,327.67,T0003,CK
Jane,Brown,michael.jones@yahoo.com,john766,473.1,T0003,MO
John,Brown,emily.jones@yahoo.com,david67,668.22,T0003,KN
Sarah,Garcia,david.smith@hotmail.com,emily870,174.32,T0003,TH
Emily,Garcia,sarah.williams@gmail.com,michael128,430.84,T2103,KM
Emily,Johnson,jane.smith@yahoo.com,david165,272.72,T1201,IN
Emily,Garcia,john.johnson@yahoo.com,sarah498,767.35,T1107,KG
John,Garcia,sarah.garcia@yahoo.com,emily548,88.12,T1201,LT
Michael,Garcia,david.brown@gmail.com,emily654,126.36,T0006,SM
David,Garcia,david.smith@hotmail.com,emily168,57.09,T1201,CU
David,Brown,jane.smith@hotmail.com,emily881,415.93,T0003,MM
David,Brown,michael.johnson@yahoo.com,michael345,268.58,T1201,HK
Michael,Garcia,sarah.johnson@hotmail.com,michael349,928.73,T2103,MO
David,Jones,michael.williams@gmail.com,sarah414,924.81,T0006,MP
Michael,Brown,john.jones@yahoo.com,david54,270.28,T0006,BA
John,Jones,john.smith@gmail.com,michael211,326.46,T1107,NL
John,Garcia,michael.smith@yahoo.com,emily78,409.35,T2103,PW
Emily,Garcia,david.smith@hotmail.com,sarah673,602.9,T0800,GU
John,Brown,david.garcia@yahoo.com,sarah449,595.33,T0003,BJ
Sarah,Jones,sarah.smith@yahoo.com,jane51,906.07,T0006,SL
Sarah,Brown,michael.jones@gmail.com,david44,471.58,T1201,MU
Michael,Johnson,emily.garcia@hotmail.com,jane571,163.81,T1201,CG
Jane,Williams,jane.jones@hotmail.com,jane872,873.8,T0006,TC
David,Garcia,sarah.williams@yahoo.com,michael272,43.33,T2103,IN
Michael,Johnson,david.jones@gmail.com,emily387,225.54,T0800,PL
Emily,Jones,jane.garcia@hotmail.com,michael372,851.49,T0003,MW
Emily,Jones,john.garcia@yahoo.com,jane99,156.37,T2103,TV
Emily,Jones,michael.johnson@gmail.com,david632,177.35,T0006,BA
Jane,Smith,michael.brown@hotmail.com,jane662,411.3,T1107,LB
Emily,Johnson,michael.garcia@yahoo.com,michael162,181.9,T0003,GI
Sarah,Williams,sarah.jones@hotmail.com,john726,210.13,T0800,VE
Sarah,Williams,sarah.smith@gmail.com,john740,233.65,T1107,MD
David,Jones,michael.garcia@hotmail.com,john479,659.91,T0003,BM
David,Smith,jane.garcia@gmail.com,sarah698,236.97,T1107,AE
John,Johnson,david.johnson@yahoo.com,david866,393.11,T0800,MD
John,Jones,john.johnson@yahoo.com,sarah50,169.62,T0800,LU
Jane,Jones,michael.brown@gmail.com,david769,30.9,T0800,VN
John,Brown,david.garcia@hotmail.com,emily498,126.37,T1201,VC
John,Williams,emily.brown@yahoo.com,michael353,163.12,T0003,BI
David,Johnson,david.johnson@gmail.com,david287,883.64,T0006,FO
David,Johnson,jane.williams@hotmail.com,john283,651.59,T1201,CN
Sarah,Garcia,emily.brown@hotmail.com,john132,3.95,T0800,SR
Jane,Garcia,michael.garcia@yahoo.com,jane863,291.86,T1107,TJ
Sarah,Williams,david.smith@yahoo.com,jane433,191.66,T1201,GL
Michael,Smith,john.johnson@hotmail.com,emily310,535,T1107,LR
John,Jones,david.smith@hotmail.com,david597,736.72,T1201,ZA
John,Williams,michael.garcia@gmail.com,david816,551.73,T1201,KE
Emily,Garcia,john.williams@gmail.com,michael197,835.49,T2103,LK
Michael,Jones,david.smith@hotmail.com,john457,895.59,T0006,KW
John,Williams,jane.smith@gmail.com,john415,584.8,T0006,TR
Emily,Jones,emily.brown@gmail.com,sarah26,887.73,T1201,BR
Emily,Smith,emily.williams@yahoo.com,jane6,472.09,T1107,SB
Michael,Williams,jane.jones@hotmail.com,emily979,806.22,T2103,SM
Michael,Johnson,emily.garcia@yahoo.com,michael739,531.74,T2103,YE
Jane,Jones,emily.garcia@gmail.com,jane500,919.89,T2103,UA
Emily,Williams,john.garcia@yahoo.com,michael54,472.18,T0003,GL
Jane,Brown,john.williams@yahoo.com,sarah475,805.54,T0800,CN
Jane,Smith,emily.jones@gmail.com,michael225,329.82,T1107,LU
David,Williams,jane.williams@hotmail.com,david779,516.07,T1201,AM
Jane,Garcia,john.brown@gmail.com,jane453,903.68,T1107,GA
Emily,Garcia,john.smith@gmail.com,emily41,576.9,T1201,TZ
David,Brown,david.jones@hotmail.com,john268,500.11,T0003,CK
Emily,Garcia,sarah.jones@hotmail.com,david276,163.36,T0003,VU
Michael,Garcia,jane.jones@yahoo.com,jane171,359.25,T0006,GB
Emily,Smith,sarah.johnson@yahoo.com,michael807,107.42,T1107,MP
David,Williams,david.williams@yahoo.com,sarah502,735.05,T2103,MS
Jane,Brown,sarah.garcia@hotmail.com,john652,788.23,T0003,TH
Michael,Williams,john.jones@gmail.com,michael250,746.46,T0800,AO
David,Smith,emily.jones@hotmail.com,jane478,905.77,T0006,BJ
Sarah,Jones,john.brown@hotmail.com,emily106,192.94,T0800,YE
Michael,Garcia,jane.smith@yahoo.com,jane397,469.13,T0800,SE
David,Garcia,david.garcia@yahoo.com,emily966,717.58,T1107,BW
John,Brown,emily.brown@gmail.com,jane917,228.75,T0006,DK
John,Johnson,david.brown@hotmail.com,emily813,444.71,T2103,SD
John,Smith,jane.smith@hotmail.com,john237,413.21,T1201,AW
John,Garcia,john.johnson@gmail.com,jane652,27.08,T0003,CD
Jane,Brown,sarah.smith@gmail.com,john613,322.16,T0006,AW
David,Johnson,sarah.smith@yahoo.com,michael661,673.89,T0800,FO
David,Smith,david.garcia@hotmail.com,david853,795.65,T0800,TM
Emily,Jones,john.garcia@yahoo.com,david927,594.44,T0003,TD
Jane,Jones,john.brown@yahoo.com,john287,853.62,T1201,LU
Sarah,Johnson,michael.smith@gmail.com,sarah967,104.3,T1201,EE
Sarah,Johnson,john.williams@yahoo.com,emily734,505.52,T0800,UZ
John,Johnson,david.smith@hotmail.com,jane108,107.6,T1201,LI
Sarah,Brown,emily.brown@gmail.com,david585,422.38,T1201,TN
Sarah,Garcia,david.jones@gmail.com,david194,542.41,T1201,FO
Emily,Jones,michael.garcia@yahoo.com,sarah732,243.74,T0800,HM
Sarah,Brown,john.smith@hotmail.com,michael646,810.95,T2103,JO
Jane,Smith,john.johnson@yahoo.com,john973,690.34,T1107,KE
Emily,Garcia,jane.johnson@yahoo.com,sarah92,479.08,T1201,BS
Jane,Brown,sarah.johnson@hotmail.com,john947,631.52,T1107,CV
David,Garcia,jane.johnson@yahoo.com,emily943,566.9,T0800,MT
David,Brown,michael.garcia@gmail.com,jane696,222.4,T0800,SY
Emily,Johnson,jane.jones@gmail.com,sarah709,23.52,T2103,AE
Emily,Brown,jane.williams@gmail.com,michael394,429.39,T1107,SI
Sarah,Jones,michael.johnson@yahoo.com,sarah88,803.87,T0006,CZ
Jane,Garcia,emily.smith@gmail.com,michael238,503.54,T0003,TO
John,Brown,john.jones@yahoo.com,jane702,742.67,T1201,PM
Sarah,Brown,emily.brown@yahoo.com,david322,495.38,T2103,TD
John,Williams,jane.garcia@yahoo.com,david577,102.58,T1201,KW
Emily,Williams,michael.garcia@hotmail.com,jane220,537.64,T1107,MQ
John,Garcia,jane.williams@yahoo.com,john939,807.82,T1201,AU
Sarah,Williams,sarah.smith@hotmail.com,david637,529.25,T0006,ZW
Emily,Smith,emily.garcia@gmail.com,john74,689.57,T0003,NO
John,Williams,michael.brown@hotmail.com,jane889,412,T2103,EG
Jane,Williams,david.williams@hotmail.com,sarah777,185.65,T0006,BF
Jane,Johnson,david.johnson@hotmail.com,emily941,395.87,T0006,KP
Emily,Garcia,michael.garcia@yahoo.com,john558,848.36,T1107,PM
Michael,Garcia,michael.williams@yahoo.com,john454,510.58,T1107,FI
Emily,Smith,sarah.williams@gmail.com,emily678,372.65,T1107,BI
David,Garcia,john.jones@hotmail.com,emily203,814.68,T1107,MC
Jane,Garcia,emily.jones@hotmail.com,sarah852,498.89,T1201,DK
Emily,Smith,jane.jones@hotmail.com,michael164,645.3,T1201,TK
Michael,Jones,john.johnson@yahoo.com,david520,138.61,T0006,BT
Jane,Brown,jane.jones@gmail.com,david448,78.86,T0003,MR
David,Brown,john.johnson@yahoo.com,jane168,585.18,T0800,AG
Sarah,Brown,sarah.johnson@hotmail.com,jane306,247.47,T0006,KI
Jane,Williams,sarah.smith@gmail.com,david237,622.37,T0006,NG
John,Johnson,emily.williams@yahoo.com,david24,237.38,T2103,CD
Sarah,Smith,jane.smith@gmail.com,david52,907.93,T0800,CN
Emily,Smith,john.smith@gmail.com,emily318,673.07,T2103,BD
Sarah,Johnson,jane.williams@hotmail.com,sarah28,234.53,T0003,PS
Michael,Garcia,john.garcia@yahoo.com,john139,600.85,T2103,CR
Michael,Smith,david.johnson@gmail.com,emily194,928.78,T1107,GE
Michael,Brown,john.garcia@gmail.com,jane822,752.16,T1201,RU
Sarah,Smith,sarah.jones@yahoo.com,emily431,489.73,T0006,VU
David,Garcia,david.smith@hotmail.com,jane442,358.63,T2103,CZ
Jane,Garcia,john.smith@yahoo.com,david100,23.48,T0006,PY
Sarah,Brown,david.garcia@hotmail.com,john82,258.86,T0003,TW
Michael,Garcia,michael.williams@yahoo.com,emily231,857.02,T2103,JE
David,Johnson,john.williams@yahoo.com,emily774,574.27,T0006,CG
Jane,Smith,jane.smith@gmail.com,emily868,332.14,T0003,GT
John,Johnson,sarah.brown@hotmail.com,david903,711.59,T1201,BQ
Sarah,Smith,john.brown@yahoo.com,michael959,859.54,T0800,ID
John,Smith,emily.brown@yahoo.com,david230,1.77,T2103,PA
