firstName,lastName,email,username,amount,type,country
Michael,Garcia,emily.jones@yahoo.com,sarah549,935.42,T1201,LV
John,Williams,michael.johnson@yahoo.com,emily443,12.44,T0006,GU
Emily,Smith,michael.williams@hotmail.com,michael532,409.93,T0800,TC
Sarah,Smith,john.brown@gmail.com,john980,59.4,T0800,CR
David,Williams,john.jones@gmail.com,michael673,578.25,T0003,CZ
Emily,Brown,david.garcia@hotmail.com,sarah791,28.38,T2103,JO
John,Williams,john.jones@hotmail.com,emily11,852.04,T0800,AS
Jane,Johnson,john.williams@gmail.com,jane185,735.89,T1201,HU
Michael,Jones,sarah.smith@yahoo.com,emily96,485.27,T1107,HM
Jane,Brown,emily.brown@hotmail.com,sarah992,75.76,T2103,GB
Michael,Williams,emily.smith@gmail.com,emily947,64.14,T2103,LC
John,Brown,sarah.smith@hotmail.com,david48,58.87,T1201,ZW
Michael,Smith,john.brown@yahoo.com,emily374,693.67,T0800,PW
Jane,Johnson,jane.brown@hotmail.com,jane901,497.93,T0003,MC
Jane,Smith,michael.garcia@gmail.com,jane697,311.11,T0800,JO
Sarah,Williams,john.garcia@hotmail.com,emily375,16.19,T0006,LS
David,Jones,michael.smith@gmail.com,emily735,916.57,T0006,UM
David,Smith,david.williams@hotmail.com,emily300,33.07,T0800,DE
John,Jones,sarah.brown@yahoo.com,sarah227,853.79,T1201,CH
David,Johnson,jane.williams@yahoo.com,jane300,682.99,T0003,SL
Emily,Brown,michael.jones@yahoo.com,michael893,270.43,T0006,LT
Sarah,Johnson,michael.brown@hotmail.com,david732,111.21,T0006,CZ
Jane,Brown,jane.brown@hotmail.com,david675,414.33,T1107,CV
Jane,Brown,jane.brown@yahoo.com,john449,800.47,T0003,BJ
John,Johnson,sarah.jones@hotmail.com,david117,436.56,T0006,UY
Emily,Williams,david.smith@gmail.com,jane686,308.85,T0800,SD
Sarah,Garcia,michael.johnson@gmail.com,michael664,803.69,T1107,AL
John,Garcia,sarah.brown@hotmail.com,david838,540.89,T0006,FR
Michael,Smith,jane.williams@gmail.com,emily23,91.82,T0006,TL
David,Smith,emily.williams@hotmail.com,michael819,925.59,T1201,KP
Jane,Smith,david.smith@yahoo.com,david628,277.74,T2103,LB
John,Garcia,john.johnson@gmail.com,sarah792,188.64,T2103,ZA
John,Johnson,sarah.smith@gmail.com,michael538,54.64,T0800,SB
Sarah,Garcia,john.garcia@yahoo.com,sarah650,938.01,T0003,RO
Jane,Brown,jane.johnson@hotmail.com,david315,961.3,T1107,PT
John,Smith,emily.johnson@gmail.com,emily56,373.97,T2103,HK
David,Williams,sarah.williams@yahoo.com,sarah263,376.61,T2103,GY
John,Smith,jane.smith@yahoo.com,michael867,561.41,T1107,NG
Michael,Brown,emily.garcia@yahoo.com,emily95,711.09,T0006,SI
David,Smith,john.smith@gmail.com,sarah41,62.11,T2103,SS
John,Jones,john.jones@gmail.com,john292,392.17,T1201,NZ
Emily,Jones,michael.garcia@hotmail.com,sarah875,449.66,T0800,CY
Jane,Garcia,sarah.jones@hotmail.com,emily503,957.51,T1201,NA
David,Brown,sarah.garcia@gmail.com,david905,517.85,T2103,SR
John,Smith,david.johnson@yahoo.com,emily285,334.43,T1107,TZ
Emily,Johnson,emily.williams@yahoo.com,sarah345,928.01,T0800,AX
John,Brown,emily.garcia@yahoo.com,john892,570.87,T0800,HK
Jane,Williams,jane.williams@gmail.com,michael604,270.93,T0006,TM
Jane,Jones,michael.williams@gmail.com,john325,203.73,T1107,LB
John,Jones,sarah.johnson@gmail.com,michael525,142.43,T1107,TF
David,Garcia,sarah.garcia@hotmail.com,jane842,395.24,T0006,SS
David,Williams,michael.williams@yahoo.com,sarah195,319.94,T0006,ST
Michael,Williams,sarah.brown@gmail.com,john931,212.99,T1201,PH
Jane,Garcia,john.smith@hotmail.com,jane857,951.31,T1107,KW
Sarah,Smith,david.johnson@gmail.com,john429,981.24,T0006,KR
Sarah,Johnson,david.williams@yahoo.com,emily934,214.91,T1107,SB
David,Brown,emily.williams@yahoo.com,david457,351,T1107,VE
David,Garcia,sarah.jones@yahoo.com,david995,371.91,T1201,GL
David,Johnson,david.johnson@gmail.com,david354,831.04,T0006,IL
Emily,Williams,sarah.johnson@gmail.com,john987,543.41,T2103,AX
Michael,Smith,david.garcia@gmail.com,michael565,490.89,T1201,ML
David,Brown,michael.garcia@gmail.com,sarah735,194.55,T2103,AO
Jane,Smith,sarah.jones@gmail.com,david36,624.54,T2103,NG
Sarah,Brown,john.jones@gmail.com,michael623,223.94,T0800,LV
Emily,Johnson,john.garcia@yahoo.com,david111,870.6,T0003,AG
Emily,Johnson,jane.johnson@gmail.com,john758,710.27,T2103,ST
John,Jones,sarah.williams@gmail.com,emily300,133.98,T0006,PG
Jane,Jones,michael.jones@gmail.com,jane132,403.13,T0800,GW
John,Jones,emily.williams@yahoo.com,john740,58.95,T0006,TR
Jane,Johnson,john.jones@hotmail.com,emily671,923.58,T0006,UG
John,Garcia,jane.smith@gmail.com,john626,31.38,T1107,HT
Michael,Jones,jane.johnson@yahoo.com,michael626,353.79,T0003,MZ
Jane,Garcia,sarah.garcia@gmail.com,david3,373.95,T0800,TD
Emily,Jones,jane.williams@hotmail.com,david815,329.08,T2103,DO
Jane,Brown,john.garcia@hotmail.com,sarah951,454.25,T1107,PY
John,Jones,john.garcia@yahoo.com,john400,267.08,T0006,GE
John,Garcia,john.garcia@gmail.com,john748,999.79,T0006,KR
Emily,Smith,david.williams@gmail.com,sarah693,621.53,T1107,TW
Sarah,Johnson,jane.jones@gmail.com,michael800,596.25,T1107,PG
David,Garcia,sarah.johnson@gmail.com,jane245,468.57,T0800,BD
Sarah,Jones,michael.garcia@gmail.com,jane829,178.22,T1107,MT
Jane,Johnson,jane.brown@gmail.com,jane576,57.44,T2103,KH
Emily,Jones,sarah.williams@hotmail.com,david911,895.48,T1107,AF
Sarah,Jones,emily.williams@yahoo.com,emily532,528.86,T1201,TL
Emily,Williams,david.johnson@gmail.com,john25,531.31,T1107,EH
Emily,Garcia,emily.jones@hotmail.com,john63,414.56,T2103,WS
Sarah,Brown,emily.brown@gmail.com,emily127,319.86,T0006,TD
Sarah,Brown,david.smith@yahoo.com,john758,631.65,T0003,NL
David,Smith,jane.smith@hotmail.com,david976,9.28,T0006,MG
Emily,Garcia,sarah.williams@yahoo.com,david900,643.18,T1201,TR
Sarah,Jones,michael.jones@hotmail.com,john42,755.68,T0006,DZ
John,Brown,emily.smith@gmail.com,david85,281.74,T0006,KZ
Michael,Johnson,david.johnson@gmail.com,sarah11,970.23,T0006,AG
John,Jones,john.brown@yahoo.com,sarah112,905.74,T0003,MP
Jane,Smith,jane.williams@yahoo.com,david935,133.86,T1107,QA
Emily,Williams,emily.smith@hotmail.com,sarah859,934.12,T1107,WS
Emily,Williams,sarah.johnson@hotmail.com,sarah490,357.74,T0006,KP
Sarah,Garcia,jane.johnson@gmail.com,john923,881.62,T0003,UG
John,Williams,michael.smith@hotmail.com,john161,735.57,T1107,SI
John,Brown,john.jones@yahoo.com,david437,493.58,T1107,SK
John,Johnson,sarah.garcia@hotmail.com,michael645,98.59,T2103,BL
Jane,Smith,michael.brown@gmail.com,michael844,110.41,T0800,MY
Emily,Garcia,john.smith@yahoo.com,jane260,886.92,T0003,IE
Michael,Williams,john.smith@yahoo.com,john769,744.57,T0003,ER
Michael,Smith,john.jones@gmail.com,michael257,999.01,T0800,MQ
Jane,Brown,john.williams@yahoo.com,jane184,741.18,T0800,CZ
Jane,Brown,sarah.smith@yahoo.com,sarah200,185.77,T0800,SE
David,Williams,michael.brown@gmail.com,sarah912,798.35,T1107,HM
Michael,Williams,john.williams@yahoo.com,emily928,933.52,T0800,PE
Michael,Jones,david.smith@gmail.com,jane519,686,T0003,IS
Jane,Brown,michael.brown@yahoo.com,jane325,380.25,T2103,BQ
Michael,Brown,michael.williams@yahoo.com,jane480,216.6,T0003,SN
Sarah,Garcia,jane.brown@yahoo.com,emily944,868.64,T0003,MT
Michael,Williams,jane.smith@yahoo.com,jane840,866.48,T0800,CA
David,Brown,david.williams@yahoo.com,david84,586.1,T2103,TJ
David,Smith,john.brown@yahoo.com,emily719,115.12,T1201,TF
John,Williams,sarah.smith@gmail.com,john321,101.95,T1201,KY
Sarah,Garcia,david.brown@yahoo.com,john558,713.51,T0006,NI
Emily,Williams,emily.smith@hotmail.com,jane636,277.28,T0006,CA
David,Brown,david.jones@gmail.com,michael88,684.21,T0006,RO
Sarah,Smith,john.garcia@gmail.com,michael451,451.76,T0800,AR
John,Johnson,michael.johnson@gmail.com,michael110,423.62,T1107,KM
Sarah,Brown,david.johnson@gmail.com,john657,61.51,T2103,NU
Michael,Jones,michael.williams@yahoo.com,john653,660.5,T2103,IT
David,Garcia,michael.brown@yahoo.com,david84,470.55,T0003,AD
John,Brown,john.jones@hotmail.com,jane105,504.26,T0003,ML
Sarah,Jones,john.garcia@hotmail.com,john967,623.56,T0800,IQ
Sarah,Jones,michael.brown@hotmail.com,emily774,314.54,T2103,AM
Jane,Johnson,michael.brown@hotmail.com,john675,96.12,T0800,BO
Michael,Brown,sarah.brown@yahoo.com,jane148,659.59,T0800,GW
David,Williams,david.jones@hotmail.com,david854,483.84,T1201,CC
Michael,Williams,michael.brown@gmail.com,sarah941,471.26,T0006,NR
David,Brown,emily.williams@hotmail.com,david343,570.77,T2103,AS
Emily,Brown,michael.williams@gmail.com,john509,377.04,T0800,TM
Emily,Smith,emily.garcia@yahoo.com,david774,999.83,T0006,AU
Emily,Jones,john.johnson@gmail.com,sarah803,784.32,T1201,TK
Emily,Williams,emily.johnson@yahoo.com,emily55,2.39,T1107,GQ
Jane,Johnson,jane.garcia@hotmail.com,jane99,584.73,T1107,AE
Michael,Jones,emily.williams@yahoo.com,david844,269.69,T0800,JE
Sarah,Garcia,david.garcia@yahoo.com,sarah855,508.15,T0800,SC
Emily,Jones,sarah.smith@hotmail.com,david672,466.43,T1107,BT
Sarah,Smith,emily.jones@gmail.com,sarah809,110.91,T0800,RU
Jane,Jones,jane.williams@hotmail.com,john473,263.29,T1201,CO
John,Brown,david.smith@yahoo.com,john929,939.3,T1201,SB
Michael,Brown,david.johnson@hotmail.com,sarah101,232.39,T0800,GU
Jane,Johnson,jane.smith@yahoo.com,jane614,828.69,T2103,BT
Jane,Jones,emily.jones@hotmail.com,sarah828,445.95,T0800,GF
John,Garcia,michael.williams@gmail.com,john220,167.49,T0003,GY
Sarah,Brown,jane.williams@yahoo.com,david912,579.4,T0800,CF
David,Brown,sarah.garcia@yahoo.com,jane999,196.12,T1107,NO
Jane,Garcia,jane.williams@hotmail.com,jane653,751.47,T0800,GS
David,Johnson,michael.johnson@yahoo.com,sarah619,70.2,T1201,ML
Michael,Garcia,sarah.brown@hotmail.com,emily690,137.53,T1107,ML
Michael,Williams,emily.johnson@yahoo.com,jane297,690.37,T1201,BA
Sarah,Brown,emily.garcia@gmail.com,john751,817.25,T2103,KH
John,Jones,john.garcia@yahoo.com,jane425,542.42,T0003,AF
Emily,Jones,emily.brown@gmail.com,sarah792,839.77,T0006,TV
Jane,Smith,emily.garcia@gmail.com,david337,466.19,T0006,VC
David,Smith,david.jones@gmail.com,sarah528,873.64,T2103,JP
Michael,Brown,john.brown@yahoo.com,sarah848,659.1,T0800,TG
John,Smith,emily.jones@yahoo.com,emily420,708.14,T1201,CU
John,Williams,john.johnson@yahoo.com,sarah15,518.97,T0006,VA
Michael,Brown,john.williams@yahoo.com,john8,384.08,T2103,LY
Emily,Brown,michael.jones@gmail.com,david732,691.66,T0800,AG
David,Garcia,sarah.garcia@yahoo.com,david683,38.5,T1107,TZ
David,Jones,jane.garcia@hotmail.com,sarah567,977.28,T1107,SK
David,Johnson,jane.williams@gmail.com,sarah503,34.84,T2103,MK
Jane,Johnson,jane.jones@gmail.com,sarah950,626.35,T1201,AZ
John,Brown,jane.jones@hotmail.com,sarah685,66.6,T0800,AO
Sarah,Brown,john.williams@yahoo.com,jane173,557.88,T2103,FI
Jane,Brown,jane.brown@gmail.com,emily594,199.55,T1107,BA
Emily,Jones,david.johnson@gmail.com,sarah335,412.98,T0003,TF
Michael,Jones,david.johnson@hotmail.com,jane90,594.56,T1201,RS
Michael,Garcia,jane.brown@yahoo.com,john247,509.78,T0003,BT
Jane,Smith,michael.jones@gmail.com,john190,107.24,T1107,TH
Sarah,Johnson,john.johnson@yahoo.com,michael7,597.27,T0800,HN
Sarah,Garcia,sarah.johnson@hotmail.com,emily530,670.2,T1107,PN
John,Jones,david.williams@hotmail.com,sarah350,120.63,T0800,RW
Jane,Garcia,michael.brown@yahoo.com,emily952,854.54,T2103,KY
Michael,Johnson,john.williams@gmail.com,michael354,808.44,T0003,EG
Jane,Brown,emily.johnson@gmail.com,david485,504.65,T0003,AM
David,Smith,david.jones@gmail.com,sarah811,452.83,T2103,SC
Michael,Smith,jane.jones@gmail.com,michael668,657.81,T0006,SM
Michael,Smith,sarah.johnson@hotmail.com,michael778,465.99,T0003,HU
Sarah,Smith,emily.williams@hotmail.com,sarah684,986.09,T0003,HK
Jane,Johnson,emily.smith@yahoo.com,emily44,900.88,T0006,CY
David,Jones,michael.jones@gmail.com,john479,253.92,T0003,BY
John,Johnson,michael.johnson@hotmail.com,sarah424,806.13,T0800,NR
John,Smith,jane.williams@hotmail.com,david779,466.88,T0800,GS
John,Brown,jane.garcia@yahoo.com,emily708,105.49,T0006,BT
Jane,Garcia,sarah.smith@yahoo.com,jane101,745.48,T2103,SG
Emily,Johnson,jane.jones@gmail.com,david812,144.68,T0003,GR
John,Brown,michael.smith@yahoo.com,jane474,332.48,T1201,GU
Jane,Garcia,michael.johnson@gmail.com,michael607,948.65,T1201,PR
John,Jones,sarah.johnson@gmail.com,sarah450,752.29,T0006,NL
Jane,Smith,emily.williams@hotmail.com,emily735,320.48,T2103,RO
Emily,Garcia,david.smith@hotmail.com,emily27,647.69,T2103,WS
David,Garcia,jane.williams@yahoo.com,david818,356.23,T0800,DO
Sarah,Johnson,david.garcia@yahoo.com,jane493,532.94,T1201,BD
David,Garcia,jane.brown@gmail.com,david858,477.31,T1201,MK
Jane,Garcia,emily.smith@gmail.com,michael353,955.44,T2103,ER
David,Smith,jane.jones@hotmail.com,jane156,174.97,T0003,KY
Michael,Smith,jane.brown@gmail.com,jane640,151.43,T0006,NU
Emily,Jones,emily.johnson@yahoo.com,john48,796.5,T1201,CC
Emily,Garcia,emily.brown@gmail.com,jane885,727.84,T0003,VE
Michael,Brown,david.williams@yahoo.com,jane778,662.44,T0003,TW
David,Johnson,john.brown@hotmail.com,david809,33.75,T0006,LI
David,Brown,emily.williams@hotmail.com,david501,491.99,T0800,BG
John,Williams,david.brown@yahoo.com,david179,807.3,T0003,TM
David,Brown,emily.garcia@hotmail.com,jane878,624.42,T1107,UY
Emily,Williams,sarah.jones@gmail.com,emily883,363.87,T0800,RE
Emily,Smith,michael.johnson@hotmail.com,michael71,285.22,T1201,SJ
Jane,Jones,sarah.jones@hotmail.com,michael97,489.43,T0006,EH
Emily,Brown,sarah.brown@yahoo.com,jane88,616.66,T0003,MD
John,Williams,jane.smith@yahoo.com,emily453,891.36,T2103,AL
David,Johnson,john.garcia@gmail.com,john783,902.89,T2103,GB
Sarah,Jones,sarah.garcia@yahoo.com,michael519,289.36,T2103,PF
Emily,Garcia,david.garcia@hotmail.com,john856,423.02,T1201,IO
David,Smith,david.jones@gmail.com,sarah876,595.74,T0003,PL
Sarah,Brown,john.jones@hotmail.com,david693,824.55,T0800,VG
Emily,Jones,emily.johnson@gmail.com,jane483,720.11,T0003,IS
Michael,Garcia,jane.brown@gmail.com,jane508,924.34,T1107,ID
David,Smith,sarah.jones@yahoo.com,jane524,790.01,T2103,SC
Jane,Brown,david.johnson@hotmail.com,john639,395.36,T1201,MK
John,Williams,john.smith@gmail.com,sarah954,339.22,T0003,PA
Sarah,Johnson,jane.smith@hotmail.com,david284,404.65,T0800,CV
David,Williams,emily.williams@yahoo.com,jane920,780.62,T0006,JO
Emily,Smith,david.brown@yahoo.com,sarah638,115.92,T0800,BM
Jane,Johnson,john.jones@hotmail.com,john673,674.67,T1201,KW
Sarah,Garcia,michael.williams@gmail.com,david176,131.19,T2103,TF
John,Brown,michael.williams@gmail.com,emily617,787.41,T0003,MA
Emily,Brown,jane.jones@hotmail.com,john59,823.38,T0006,YT
Jane,Smith,michael.garcia@hotmail.com,jane270,894.41,T1107,TM
Jane,Smith,david.johnson@yahoo.com,jane754,774.84,T0800,IT
Michael,Smith,jane.johnson@gmail.com,sarah906,448.45,T0800,MR
John,Garcia,jane.brown@hotmail.com,michael211,58.57,T2103,SY
Jane,Smith,michael.johnson@hotmail.com,sarah307,839.41,T0006,LS
Sarah,Smith,jane.jones@gmail.com,jane870,278.27,T0003,BJ
John,Jones,john.smith@hotmail.com,michael527,143.04,T0800,AE
David,Johnson,michael.williams@hotmail.com,jane352,697.28,T0006,HN
Michael,Williams,michael.williams@gmail.com,michael739,997.19,T1107,MA
John,Williams,sarah.williams@yahoo.com,john870,369.32,T0800,HN
David,Brown,michael.johnson@hotmail.com,sarah206,612.5,T0006,AT
Emily,Garcia,sarah.jones@hotmail.com,michael85,773.1,T0003,CX
Emily,Brown,john.jones@hotmail.com,david46,602.44,T2103,TR
Jane,Jones,jane.jones@hotmail.com,john725,5.83,T0800,KR
John,Garcia,john.smith@hotmail.com,sarah656,243.09,T0006,HR
Jane,Williams,john.garcia@gmail.com,jane201,628.36,T1201,JO
Sarah,Williams,michael.williams@gmail.com,david729,322.42,T0006,TO
John,Williams,david.jones@hotmail.com,jane198,561.57,T0003,BH
David,Smith,david.jones@yahoo.com,jane853,658.45,T0003,PN
Emily,Smith,sarah.jones@hotmail.com,michael412,341.82,T0800,EG
Emily,Williams,michael.garcia@yahoo.com,david848,23.33,T0003,PL
David,Jones,david.smith@yahoo.com,michael500,631.23,T2103,RW
Michael,Williams,david.garcia@gmail.com,john471,622.15,T1107,YE
Jane,Brown,john.johnson@gmail.com,sarah613,681.65,T0003,MW
David,Johnson,sarah.johnson@gmail.com,john28,435.47,T2103,IN
Michael,Brown,john.jones@hotmail.com,jane702,130.92,T1107,ID
Michael,Williams,john.jones@yahoo.com,sarah26,497.68,T0006,GY
Jane,Brown,jane.johnson@yahoo.com,david510,131.01,T0003,EE
Sarah,Brown,sarah.garcia@gmail.com,david839,671.23,T0006,KE
Michael,Garcia,david.garcia@yahoo.com,emily209,430.99,T0003,LV
Emily,Jones,jane.johnson@gmail.com,michael803,689.87,T0003,PR
Michael,Brown,jane.brown@yahoo.com,sarah506,30.62,T0003,AS
John,Brown,sarah.smith@hotmail.com,david290,536.48,T0003,ES
Jane,Garcia,john.brown@gmail.com,david539,769.98,T0003,TN
John,Smith,sarah.smith@yahoo.com,david241,196.12,T1107,CL
David,Smith,sarah.williams@gmail.com,emily326,75.51,T1201,SK
Emily,Jones,jane.smith@hotmail.com,john297,656.07,T1107,NZ
John,Johnson,emily.johnson@gmail.com,john407,694.11,T2103,LK
Sarah,Jones,sarah.jones@hotmail.com,david415,950.92,T2103,MH
Jane,Jones,john.johnson@hotmail.com,jane624,988.06,T0006,IR
Sarah,Williams,john.smith@gmail.com,emily101,308.68,T2103,UM
John,Brown,sarah.garcia@hotmail.com,jane735,461.51,T2103,AX
John,Jones,emily.brown@hotmail.com,sarah686,35.05,T1107,KZ
David,Jones,michael.garcia@yahoo.com,jane11,238.94,T0003,IQ
Sarah,Brown,emily.johnson@yahoo.com,jane238,313.63,T1107,MA
Jane,Brown,emily.garcia@gmail.com,jane853,524.45,T0800,CA
Jane,Brown,jane.garcia@yahoo.com,jane914,109.82,T0006,UZ
Emily,Johnson,michael.smith@gmail.com,john456,341.28,T1201,LB
Michael,Brown,jane.smith@gmail.com,michael740,270.17,T0003,KM
Emily,Jones,emily.jones@gmail.com,emily151,548.14,T0006,CO
Jane,Garcia,john.johnson@yahoo.com,jane846,199.7,T0800,JM
Emily,Garcia,emily.smith@hotmail.com,michael168,161.76,T1201,BG
John,Garcia,michael.johnson@yahoo.com,david884,645.53,T0003,TD
John,Garcia,michael.johnson@gmail.com,emily61,820.46,T1201,DJ
Sarah,Williams,john.johnson@yahoo.com,sarah831,666.51,T0003,SR
Sarah,Brown,emily.johnson@hotmail.com,john567,457.33,T2103,LI
Jane,Williams,sarah.brown@hotmail.com,jane334,852.7,T0800,ME
Jane,Brown,sarah.garcia@hotmail.com,jane334,349.22,T0800,LI
Michael,Jones,jane.johnson@hotmail.com,michael433,439.92,T0003,TV
Jane,Johnson,emily.williams@gmail.com,jane91,98.51,T1201,BD
Emily,Smith,michael.garcia@yahoo.com,jane601,687.99,T1107,NL
Jane,Brown,john.johnson@yahoo.com,john390,850.64,T1107,DK
Jane,Smith,david.smith@gmail.com,jane492,255.46,T1201,ML
Emily,Smith,david.jones@yahoo.com,michael761,296.08,T1107,PG
John,Jones,jane.williams@gmail.com,john927,144.5,T2103,GH
Michael,Jones,jane.johnson@hotmail.com,sarah653,71.29,T1201,UY
Michael,Brown,john.johnson@yahoo.com,emily0,980.6,T1201,TK
Emily,Jones,jane.williams@gmail.com,michael761,381.69,T2103,VC
Sarah,Williams,david.smith@gmail.com,emily202,555.71,T1107,GW
Sarah,Brown,sarah.williams@hotmail.com,jane346,685.29,T2103,EC
David,Jones,emily.jones@hotmail.com,emily278,351.29,T0006,TC
Emily,Garcia,jane.johnson@hotmail.com,michael732,568.77,T0800,CM
Michael,Smith,emily.johnson@gmail.com,michael976,76.5,T1107,TZ
Sarah,Brown,john.garcia@gmail.com,michael681,143.97,T2103,LK
David,Smith,sarah.smith@hotmail.com,emily92,913.07,T0006,KN
David,Smith,david.brown@yahoo.com,michael748,434.87,T0800,CY
Michael,Jones,michael.williams@hotmail.com,jane93,977.84,T0800,SK
David,Garcia,emily.smith@gmail.com,emily10,532.74,T1107,WF
Sarah,Smith,david.garcia@hotmail.com,david577,873.21,T1201,MH
Sarah,Brown,jane.garcia@hotmail.com,david130,531.86,T0800,GB
Emily,Jones,sarah.johnson@hotmail.com,john585,352.42,T1201,CI
Michael,Johnson,david.garcia@hotmail.com,sarah972,495.86,T1201,RW
Jane,Williams,john.johnson@gmail.com,michael367,88.41,T0003,RS
Michael,Brown,jane.smith@gmail.com,sarah723,271.05,T0006,VU
Michael,Johnson,emily.williams@yahoo.com,sarah268,469.11,T0006,DJ
Michael,Smith,david.johnson@gmail.com,sarah671,716.24,T0003,NF
Sarah,Johnson,david.johnson@hotmail.com,emily86,720.75,T2103,TV
Sarah,Brown,emily.jones@yahoo.com,david283,67.57,T1107,JM
Sarah,Smith,emily.williams@yahoo.com,john8,193.13,T1201,MD
Michael,Garcia,john.johnson@yahoo.com,emily554,860.46,T1107,NP
Michael,Williams,sarah.brown@gmail.com,michael777,230.95,T2103,IN
David,Brown,michael.johnson@yahoo.com,david742,633.04,T0800,TC
David,Brown,emily.williams@yahoo.com,jane25,852.3,T0800,BE
Emily,Garcia,sarah.brown@gmail.com,sarah128,76.84,T0800,PH
Jane,Williams,michael.williams@hotmail.com,jane816,659.86,T0800,GH
John,Johnson,michael.smith@yahoo.com,michael148,949.45,T1107,VE
David,Williams,emily.johnson@gmail.com,sarah919,20.54,T1107,BD
Sarah,Williams,john.johnson@gmail.com,david480,969.09,T0006,ML
Sarah,Williams,emily.garcia@yahoo.com,david204,665.79,T2103,PK
Emily,Garcia,john.johnson@gmail.com,david11,561.43,T0800,AM
Emily,Brown,david.jones@yahoo.com,john235,886.98,T0006,DE
Sarah,Williams,jane.johnson@gmail.com,john958,698.03,T2103,BH
Michael,Brown,jane.brown@yahoo.com,sarah305,239.59,T0003,FJ
David,Garcia,sarah.brown@hotmail.com,emily755,175.17,T1201,BN
Emily,Brown,jane.jones@gmail.com,michael29,949.3,T0003,NR
Jane,Williams,emily.johnson@gmail.com,emily785,428.16,T0006,FK
Emily,Jones,emily.garcia@hotmail.com,emily764,506.13,T2103,CA
Emily,Williams,michael.johnson@yahoo.com,john291,460.76,T1201,GR
Sarah,Jones,emily.garcia@gmail.com,jane212,492.34,T1201,SB
David,Smith,david.williams@yahoo.com,john773,616.56,T0006,CG
David,Williams,john.jones@gmail.com,david553,88.94,T2103,FM
Emily,Williams,jane.johnson@hotmail.com,emily555,624.87,T0006,MS
David,Smith,john.jones@hotmail.com,emily582,18.63,T1201,CC
Emily,Johnson,jane.williams@yahoo.com,michael103,476.93,T0003,SM
Michael,Garcia,jane.smith@yahoo.com,sarah961,122.27,T0003,GD
Sarah,Johnson,sarah.garcia@gmail.com,david298,962.51,T2103,MQ
Sarah,Johnson,john.brown@yahoo.com,david736,694.56,T0003,GT
John,Garcia,sarah.johnson@yahoo.com,john644,687.46,T1107,HU
David,Williams,emily.garcia@hotmail.com,jane678,197.95,T0003,VC
John,Brown,michael.brown@gmail.com,sarah905,826.7,T1201,EE
David,Garcia,michael.garcia@gmail.com,michael758,932.28,T0003,IQ
Emily,Garcia,david.jones@gmail.com,sarah186,625.57,T1107,WF
Sarah,Johnson,michael.williams@yahoo.com,jane744,751.21,T2103,BE
Emily,Williams,sarah.smith@hotmail.com,david502,245.92,T0006,PK
Jane,Jones,sarah.brown@gmail.com,john65,725.66,T1107,AF
John,Brown,emily.garcia@gmail.com,emily739,718.28,T1107,PA
Michael,Williams,sarah.williams@gmail.com,emily876,645.82,T1107,IO
Jane,Jones,jane.smith@yahoo.com,john521,705.63,T0006,MW
David,Williams,david.brown@yahoo.com,david955,680.18,T0800,VG
Jane,Jones,michael.johnson@hotmail.com,emily337,660.47,T1201,FM
Sarah,Brown,sarah.jones@hotmail.com,emily880,732.02,T0800,IR
David,Smith,emily.brown@yahoo.com,michael600,957.06,T2103,NE
David,Smith,michael.jones@gmail.com,sarah349,409.69,T1201,AU
Jane,Johnson,jane.jones@yahoo.com,emily678,344.16,T0800,KN
Emily,Williams,emily.brown@gmail.com,emily496,626.18,T1107,LT
Michael,Williams,jane.garcia@hotmail.com,michael839,194.93,T1201,TV
John,Smith,jane.brown@hotmail.com,jane557,50.48,T0006,FR
John,Johnson,jane.brown@yahoo.com,emily210,599.15,T0006,JP
Michael,Smith,david.williams@gmail.com,emily106,906.47,T0800,AZ
Jane,Brown,michael.johnson@yahoo.com,david984,212.35,T1107,AT
Jane,Brown,sarah.brown@hotmail.com,sarah756,600.63,T1107,GL
Jane,Smith,sarah.williams@hotmail.com,sarah146,414.96,T0006,CY
David,Jones,john.jones@hotmail.com,emily543,327.32,T2103,AZ
Sarah,Garcia,john.garcia@yahoo.com,michael868,149.62,T0006,RW
Emily,Johnson,michael.smith@gmail.com,sarah44,137.17,T1107,SE
Michael,Brown,sarah.garcia@hotmail.com,john651,55.12,T0006,KH
Sarah,Smith,michael.williams@yahoo.com,emily701,658.62,T0003,KP
David,Garcia,michael.garcia@gmail.com,david516,54.37,T1201,EC
Sarah,Smith,jane.williams@yahoo.com,john176,685.15,T2103,IL
Michael,Williams,david.williams@hotmail.com,john242,668.92,T1107,AU
Michael,Smith,michael.brown@gmail.com,michael802,18.05,T0006,VA
John,Brown,jane.brown@yahoo.com,michael753,951.63,T0003,AQ
David,Garcia,john.garcia@gmail.com,emily180,604.18,T1201,BI
Jane,Williams,michael.williams@hotmail.com,michael420,48.54,T1201,LS
Michael,Smith,john.johnson@yahoo.com,sarah590,21.5,T0003,BJ
Sarah,Williams,sarah.garcia@gmail.com,jane391,713.97,T0003,SS
Michael,Johnson,sarah.brown@hotmail.com,emily414,54.99,T1107,NE
Emily,Johnson,jane.williams@gmail.com,david178,814.86,T0800,KW
Jane,Williams,sarah.williams@hotmail.com,john331,125.58,T0003,GP
David,Jones,michael.smith@hotmail.com,john349,338.4,T0003,SL
Michael,Johnson,michael.jones@gmail.com,michael113,720.03,T0003,AL
Jane,Jones,john.smith@gmail.com,sarah199,714.24,T0800,RS
John,Smith,emily.williams@gmail.com,david752,507.42,T1201,FM
Michael,Jones,emily.brown@gmail.com,john155,476.75,T1201,GR
David,Brown,emily.smith@yahoo.com,david707,823.02,T0006,NR
Emily,Williams,michael.jones@gmail.com,david457,421,T0003,PE
David,Garcia,emily.williams@gmail.com,michael708,192.74,T0006,IN
John,Johnson,david.garcia@gmail.com,emily147,986.23,T0006,FK
David,Smith,emily.williams@yahoo.com,sarah265,55.37,T1107,TC
Jane,Jones,jane.jones@gmail.com,david674,964.72,T2103,BI
Michael,Garcia,john.jones@yahoo.com,jane706,799.24,T1201,SX
Emily,Williams,emily.brown@hotmail.com,david637,518.9,T0003,KG
David,Jones,jane.garcia@yahoo.com,john179,471.52,T2103,IE
Michael,Smith,jane.jones@hotmail.com,sarah905,374.79,T0003,TH
John,Williams,john.garcia@hotmail.com,jane465,607.31,T0003,IS
Michael,Williams,sarah.brown@yahoo.com,jane471,812.11,T2103,NR
David,Garcia,michael.garcia@hotmail.com,michael160,855.44,T1107,ZW
Emily,Brown,sarah.garcia@yahoo.com,jane51,281.37,T1107,YT
John,Garcia,emily.garcia@hotmail.com,jane873,491.58,T2103,GU
David,Brown,sarah.williams@hotmail.com,sarah165,440.59,T0006,HK
Emily,Smith,david.garcia@gmail.com,sarah459,662.35,T0006,MC
Emily,Garcia,john.smith@gmail.com,david766,810.41,T1201,IR
Sarah,Garcia,david.smith@gmail.com,sarah520,238.59,T1201,MC
Sarah,Smith,jane.jones@hotmail.com,sarah78,908.98,T2103,TK
Jane,Johnson,sarah.smith@hotmail.com,michael293,840.15,T2103,WS
Sarah,Johnson,john.garcia@yahoo.com,david59,149.77,T0800,GG
Jane,Brown,john.garcia@hotmail.com,sarah700,293.94,T2103,HR
Emily,Smith,michael.johnson@gmail.com,sarah336,944.39,T2103,TM
Emily,Jones,michael.jones@hotmail.com,michael830,779.41,T1107,GL
John,Brown,john.williams@hotmail.com,jane385,501.42,T1107,SE
Jane,Brown,david.jones@gmail.com,emily113,634.88,T1201,PT
Michael,Brown,michael.williams@yahoo.com,emily995,262.65,T2103,CM
Emily,Williams,michael.johnson@gmail.com,michael571,42.81,T0003,RO
David,Jones,john.garcia@yahoo.com,john580,519.84,T0006,HT
David,Garcia,michael.johnson@gmail.com,jane389,988.03,T1201,MZ
Sarah,Garcia,sarah.garcia@gmail.com,emily898,218.47,T2103,LS
John,Johnson,jane.jones@gmail.com,david397,690.64,T2103,TR
David,Brown,jane.johnson@hotmail.com,jane703,195.61,T0006,LB
Sarah,Williams,john.smith@hotmail.com,emily816,565.49,T0800,NU
John,Williams,john.brown@gmail.com,michael95,467.39,T1107,AI
Michael,Brown,david.smith@gmail.com,john762,966.79,T0003,AX
Sarah,Brown,david.garcia@hotmail.com,jane593,145.09,T1201,SZ
Sarah,Williams,david.jones@gmail.com,sarah235,872.7,T0800,KM
David,Johnson,jane.johnson@yahoo.com,michael829,740.49,T2103,VG
John,Smith,emily.jones@hotmail.com,jane880,201.86,T0006,KH
Michael,Johnson,michael.brown@gmail.com,jane639,185.86,T1201,MO
Michael,Johnson,emily.garcia@hotmail.com,sarah179,303.5,T0006,IR
Emily,Williams,david.johnson@gmail.com,david702,991.33,T0003,SO
Michael,Brown,sarah.jones@gmail.com,john167,546.68,T0800,CC
David,Johnson,sarah.smith@hotmail.com,david51,43.42,T1201,PT
Emily,Jones,sarah.jones@yahoo.com,jane310,246.35,T2103,GN
Sarah,Williams,michael.jones@yahoo.com,sarah941,40.24,T0800,KZ
Sarah,Jones,david.garcia@yahoo.com,david489,698.43,T2103,GY
Sarah,Johnson,emily.jones@hotmail.com,michael430,615.5,T2103,VG
David,Williams,jane.jones@gmail.com,sarah768,383.89,T2103,BV
John,Jones,michael.smith@gmail.com,emily379,435.36,T1201,IL
Sarah,Garcia,john.smith@yahoo.com,john39,229.56,T0003,KZ
Sarah,Jones,john.brown@hotmail.com,john196,533.76,T2103,BZ
John,Smith,jane.williams@gmail.com,jane448,69.07,T2103,GN
Michael,Smith,michael.garcia@hotmail.com,jane171,999.11,T0006,MK
Emily,Garcia,john.brown@hotmail.com,jane142,477.23,T0006,DZ
Sarah,Brown,michael.williams@gmail.com,emily613,8.81,T0006,US
Sarah,Williams,john.johnson@gmail.com,jane856,276.8,T0006,AS
David,Jones,emily.smith@gmail.com,sarah115,953.52,T2103,JO
Emily,Garcia,sarah.williams@gmail.com,sarah750,632.61,T1201,LS
John,Jones,michael.smith@gmail.com,emily702,167.63,T1107,CI
Emily,Johnson,jane.jones@yahoo.com,david351,476.56,T1201,MH
Michael,Jones,jane.jones@gmail.com,jane803,394.89,T0003,NC
Jane,Johnson,emily.garcia@gmail.com,sarah817,659.21,T0800,FR
Sarah,Jones,jane.garcia@gmail.com,michael750,505.89,T2103,AS
Jane,Johnson,emily.williams@gmail.com,sarah731,245.23,T0003,MN
Michael,Brown,michael.johnson@yahoo.com,jane76,940.77,T1201,AS
John,Johnson,michael.brown@gmail.com,jane835,118.23,T0003,BH
John,Smith,emily.garcia@gmail.com,jane900,487.09,T0003,SE
Emily,Brown,john.brown@gmail.com,michael279,85.75,T0003,LI
Emily,Johnson,john.jones@gmail.com,michael474,307.03,T1201,DM
Michael,Williams,michael.brown@yahoo.com,john804,372.98,T0800,BO
David,Williams,michael.jones@gmail.com,john171,346.75,T2103,ES
Jane,Garcia,sarah.garcia@gmail.com,sarah52,437.79,T1201,PS
John,Johnson,emily.garcia@hotmail.com,jane675,662.41,T1107,KW
John,Johnson,emily.garcia@yahoo.com,jane887,873.69,T0006,AW
John,Brown,john.johnson@yahoo.com,sarah364,835.84,T0006,TG
John,Williams,jane.johnson@hotmail.com,jane207,302.9,T0006,NG
Michael,Williams,david.williams@gmail.com,emily537,996.6,T0800,VE
Jane,Brown,david.jones@gmail.com,john49,602.78,T0003,ZA
John,Brown,emily.brown@hotmail.com,emily106,454.24,T0003,KE
Sarah,Jones,david.garcia@hotmail.com,sarah979,576.75,T0003,GL
Michael,Brown,david.jones@hotmail.com,sarah99,538.42,T0006,MY
John,Brown,jane.jones@hotmail.com,jane399,124.42,T0003,FM
Sarah,Brown,john.brown@hotmail.com,john344,318.79,T0006,HK
Sarah,Brown,michael.williams@gmail.com,david256,718.93,T1107,US
Emily,Williams,emily.johnson@gmail.com,sarah967,969.16,T0006,AU
Jane,Brown,sarah.jones@hotmail.com,emily90,278.75,T0800,SN
Emily,Smith,michael.williams@hotmail.com,sarah377,943.44,T2103,PM
David,Smith,david.johnson@hotmail.com,david22,91.14,T1107,SI
Michael,Williams,emily.brown@yahoo.com,sarah750,818.58,T2103,TM
Emily,Garcia,david.williams@hotmail.com,michael608,91.79,T1201,HK
Sarah,Johnson,michael.jones@yahoo.com,michael124,667.23,T0800,BA
John,Johnson,michael.garcia@gmail.com,david710,586.12,T2103,PT
Emily,Johnson,john.johnson@hotmail.com,jane782,561.23,T1201,US
David,Johnson,john.williams@hotmail.com,john827,537.17,T0003,ZA
David,Brown,sarah.williams@yahoo.com,john799,138.06,T1201,GG
David,Brown,john.garcia@yahoo.com,jane421,486.45,T1107,GL
Jane,Williams,john.johnson@yahoo.com,jane686,406.89,T1107,NG
David,Jones,emily.williams@gmail.com,sarah368,535.91,T0003,SA
Jane,Garcia,sarah.jones@gmail.com,jane807,496.48,T0003,PT
Jane,Brown,emily.garcia@hotmail.com,david765,382.24,T1201,NP
Jane,Garcia,michael.brown@yahoo.com,jane271,341.29,T2103,NZ
John,Brown,sarah.williams@yahoo.com,david375,720.54,T0006,PE
John,Jones,michael.garcia@gmail.com,john104,902.58,T0006,PN
Jane,Williams,david.smith@hotmail.com,jane38,144.7,T0003,LA
John,Brown,michael.jones@hotmail.com,michael113,997.73,T0800,GG
Sarah,Smith,emily.williams@hotmail.com,emily395,356.15,T0006,IO
John,Jones,john.brown@hotmail.com,michael454,280.03,T0003,NZ
Emily,Brown,john.johnson@gmail.com,john986,761.97,T2103,GY
Michael,Johnson,jane.johnson@hotmail.com,emily403,621.1,T0800,TF
Jane,Brown,michael.johnson@hotmail.com,david3,253.55,T2103,MA
Sarah,Williams,michael.brown@yahoo.com,emily306,935.07,T1107,CV
John,Johnson,david.brown@gmail.com,john611,468.79,T0800,NC
John,Williams,david.garcia@hotmail.com,david191,209.28,T0006,MV
Jane,Garcia,david.garcia@hotmail.com,jane429,881.23,T1201,MM
Sarah,Jones,john.garcia@yahoo.com,sarah525,882.82,T1107,ES
Michael,Brown,john.garcia@hotmail.com,sarah800,409.64,T2103,VN
Jane,Smith,sarah.brown@yahoo.com,michael872,637.55,T0006,LY
Sarah,Jones,sarah.williams@hotmail.com,michael519,881.78,T0003,MP
John,Johnson,michael.williams@yahoo.com,john329,560.47,T1107,WS
Sarah,Brown,emily.johnson@hotmail.com,jane594,428.62,T0003,ER
Jane,Johnson,emily.williams@gmail.com,john951,133.45,T0800,KR
John,Jones,emily.jones@hotmail.com,michael273,509.02,T2103,SY
John,Garcia,emily.garcia@yahoo.com,david589,510.27,T0800,YT
Michael,Garcia,david.smith@yahoo.com,michael837,878.31,T1107,BG
Sarah,Garcia,sarah.johnson@gmail.com,david598,200.04,T1201,DM
Sarah,Jones,jane.johnson@hotmail.com,david678,876.74,T1107,LU
Michael,Jones,jane.williams@hotmail.com,sarah739,712.48,T0006,BB
John,Smith,michael.johnson@gmail.com,john315,65.76,T1201,IO
Jane,Garcia,emily.brown@hotmail.com,emily145,792.52,T1201,AG
Jane,Williams,michael.smith@hotmail.com,david856,6.57,T1107,ER
Emily,Williams,sarah.jones@gmail.com,jane105,715.7,T1201,SS
John,Garcia,emily.jones@hotmail.com,david23,496.52,T0003,VI
Jane,Garcia,david.brown@yahoo.com,sarah875,782.3,T0800,IS
David,Garcia,sarah.johnson@yahoo.com,sarah735,17.67,T0003,HT
David,Brown,david.johnson@gmail.com,emily907,700.95,T1107,TC
John,Jones,jane.garcia@gmail.com,michael471,980.6,T1107,NZ
Michael,Jones,jane.garcia@hotmail.com,jane726,421.3,T0003,NR
Sarah,Jones,david.johnson@hotmail.com,sarah719,517.37,T1201,RS
David,Garcia,john.garcia@yahoo.com,david834,615.21,T1107,DE
David,Johnson,michael.johnson@gmail.com,david170,233.56,T0003,MC
Emily,Jones,michael.williams@gmail.com,jane249,42.49,T1201,PY
Emily,Williams,david.williams@gmail.com,jane158,292.34,T1107,SD
David,Jones,david.brown@hotmail.com,emily189,349.75,T0800,ZM
John,Johnson,jane.williams@yahoo.com,john411,798.55,T2103,VU
John,Jones,jane.williams@hotmail.com,jane877,561.09,T0006,AW
Emily,Garcia,john.brown@yahoo.com,david383,388.62,T1107,IE
Michael,Jones,john.smith@yahoo.com,emily83,487.42,T2103,MM
John,Brown,john.garcia@yahoo.com,sarah160,31.74,T2103,UZ
John,Brown,sarah.brown@hotmail.com,john544,463.73,T0003,MD
David,Brown,emily.jones@yahoo.com,sarah243,371.54,T0006,BY
Jane,Garcia,sarah.brown@gmail.com,emily343,142.01,T2103,BL
Jane,Jones,michael.smith@gmail.com,john112,487.13,T1107,CO
Jane,Smith,michael.garcia@hotmail.com,sarah100,972.04,T1107,SH
John,Smith,sarah.johnson@hotmail.com,michael440,929.42,T0003,MW
Michael,Williams,jane.johnson@gmail.com,david430,74.12,T2103,ZM
Sarah,Smith,john.williams@yahoo.com,michael202,83.84,T0006,AD
Michael,Williams,john.jones@hotmail.com,emily544,409.99,T0003,NO
John,Brown,emily.brown@hotmail.com,john224,428.03,T0800,AI
Sarah,Garcia,sarah.garcia@gmail.com,john156,877.68,T0006,HU
Jane,Brown,emily.jones@yahoo.com,jane485,80.92,T0006,CY
Emily,Brown,john.johnson@yahoo.com,sarah45,647.45,T0006,NR
John,Smith,michael.smith@hotmail.com,jane482,88.74,T1107,CZ
David,Brown,emily.johnson@hotmail.com,jane327,748.11,T0003,NP
Jane,Williams,sarah.garcia@gmail.com,michael33,73.1,T0800,AF
Jane,Williams,emily.jones@gmail.com,david53,534.51,T0006,SC
Sarah,Brown,emily.williams@gmail.com,michael247,551.31,T0800,BZ
Emily,Brown,emily.williams@hotmail.com,emily666,612.81,T0003,PT
John,Williams,michael.johnson@hotmail.com,sarah91,941.93,T0800,GM
David,Garcia,sarah.garcia@yahoo.com,sarah862,985.98,T0003,ES
Michael,Smith,michael.williams@hotmail.com,john472,169.59,T1107,SO
Emily,Jones,emily.brown@gmail.com,john556,973.39,T1107,TN
Jane,Williams,michael.smith@hotmail.com,sarah906,840.9,T0800,QA
Emily,Williams,john.jones@yahoo.com,david389,262.63,T1107,VE
John,Brown,john.williams@yahoo.com,sarah231,720.67,T2103,ET
Sarah,Garcia,john.johnson@gmail.com,emily944,941.81,T2103,LB
Sarah,Jones,sarah.jones@gmail.com,michael824,100.47,T2103,LA
Sarah,Williams,emily.johnson@hotmail.com,jane957,276.87,T1107,YT
Jane,Jones,jane.smith@hotmail.com,emily731,574.66,T0800,AW
Jane,Smith,jane.williams@hotmail.com,david707,958.62,T2103,MV
Michael,Brown,jane.johnson@hotmail.com,john779,274.26,T1107,ZM
David,Smith,david.jones@hotmail.com,emily183,315.89,T2103,ET
Emily,Smith,sarah.smith@gmail.com,david948,490.33,T0800,KH
John,Johnson,jane.brown@yahoo.com,jane754,808.9,T1201,RO
David,Williams,jane.brown@yahoo.com,john937,813.33,T1201,SZ
Michael,Brown,david.garcia@yahoo.com,jane68,52.74,T0006,GL
Jane,Johnson,emily.williams@hotmail.com,david829,348.01,T0003,TW
Sarah,Brown,jane.williams@yahoo.com,michael379,31.51,T1201,HN
Jane,Brown,emily.jones@yahoo.com,sarah124,830.68,T1107,AG
Jane,Smith,john.brown@yahoo.com,john994,177.38,T0006,AE
David,Garcia,emily.johnson@hotmail.com,emily562,440.16,T0800,NO
Michael,Johnson,emily.brown@yahoo.com,david510,599.99,T0003,EH
Sarah,Johnson,david.williams@gmail.com,john616,508.88,T0006,WS
Jane,Brown,jane.jones@gmail.com,emily917,99.67,T0800,GT
Jane,Garcia,john.jones@hotmail.com,john887,623.19,T0006,PH
Sarah,Jones,david.johnson@gmail.com,michael821,127.59,T0800,NC
Michael,Jones,john.garcia@yahoo.com,michael762,511.04,T1107,AQ
David,Garcia,john.garcia@hotmail.com,jane352,337.65,T1107,BI
John,Johnson,michael.garcia@yahoo.com,michael101,66.13,T0800,SK
Emily,Brown,sarah.garcia@yahoo.com,michael167,232.14,T1201,HU
Jane,Williams,emily.johnson@yahoo.com,david894,934.64,T1107,CR
Emily,Smith,david.johnson@hotmail.com,michael723,169.73,T0800,GG
David,Brown,michael.williams@hotmail.com,michael130,350.87,T1107,LS
Sarah,Jones,sarah.jones@gmail.com,sarah657,286.67,T0006,TJ
Sarah,Smith,sarah.jones@gmail.com,jane64,525.83,T0800,FI
David,Jones,emily.williams@yahoo.com,emily978,384.72,T0003,SB
Emily,Garcia,john.brown@yahoo.com,david817,828.29,T0003,AO
Michael,Garcia,jane.williams@hotmail.com,jane65,137.47,T0006,NR
John,Johnson,sarah.smith@yahoo.com,john902,301.48,T0800,SD
Michael,Williams,michael.jones@yahoo.com,john408,351.26,T1201,GT
Sarah,Johnson,john.garcia@yahoo.com,david361,436.11,T1201,PW
David,Brown,jane.garcia@gmail.com,emily634,286.23,T1107,BS
Jane,Garcia,john.jones@hotmail.com,jane455,817.7,T1201,BV
Michael,Williams,john.garcia@gmail.com,sarah253,727.35,T0003,MF
Jane,Williams,emily.brown@gmail.com,emily949,813.05,T2103,AT
David,Williams,jane.garcia@yahoo.com,jane640,797.85,T0003,CK
Sarah,Jones,emily.smith@hotmail.com,jane837,92.45,T2103,TN
Emily,Brown,john.johnson@hotmail.com,sarah949,875.93,T1107,AX
Sarah,Garcia,michael.smith@gmail.com,john370,339.97,T1107,EG
David,Garcia,david.jones@yahoo.com,michael998,140.44,T1201,VA
Jane,Williams,emily.smith@yahoo.com,michael49,396.38,T1107,GY
David,Jones,sarah.williams@gmail.com,sarah721,577.57,T1201,US
David,Johnson,john.jones@hotmail.com,john56,466.59,T1201,HU
Jane,Jones,john.garcia@hotmail.com,jane24,161.63,T0006,CM
David,Smith,michael.johnson@hotmail.com,david284,34.77,T0006,HN
Michael,Garcia,jane.williams@gmail.com,emily526,985.94,T2103,IL
John,Garcia,sarah.williams@gmail.com,emily532,633.43,T0800,PL
Emily,Smith,sarah.jones@gmail.com,emily461,291.13,T1201,AE
John,Jones,michael.williams@yahoo.com,john264,483.16,T1107,DK
Sarah,Garcia,jane.smith@yahoo.com,john42,885.47,T1201,BT
Michael,Jones,david.jones@gmail.com,sarah107,119.44,T0800,YT
Sarah,Brown,michael.brown@gmail.com,jane50,642.12,T0003,BS
Michael,Johnson,emily.jones@gmail.com,jane935,243.09,T1107,CC
Michael,Johnson,jane.garcia@hotmail.com,emily193,461.15,T0800,VN
Jane,Johnson,sarah.jones@hotmail.com,david461,189.42,T1107,UA
Jane,Jones,david.jones@hotmail.com,david527,35.49,T0800,CM
Michael,Williams,david.williams@gmail.com,jane50,890.28,T2103,BG
Sarah,Brown,emily.williams@yahoo.com,john206,662.99,T1201,KH
Jane,Williams,sarah.brown@gmail.com,john585,843.07,T1201,LT
Michael,Jones,john.garcia@yahoo.com,jane845,363.61,T0003,GR
John,Williams,emily.brown@yahoo.com,sarah260,121.25,T0006,PG
Michael,Johnson,jane.garcia@yahoo.com,michael114,91.67,T2103,SA
Sarah,Jones,emily.brown@hotmail.com,emily465,916.79,T0800,CH
Emily,Johnson,jane.garcia@yahoo.com,jane408,919.86,T1201,PR
David,Williams,emily.brown@gmail.com,david585,522.99,T0006,SO
David,Williams,emily.johnson@yahoo.com,emily686,324.41,T1201,MQ
Jane,Jones,michael.smith@gmail.com,emily978,782.38,T1107,FK
Emily,Garcia,sarah.brown@hotmail.com,david207,754.92,T0003,IM
Michael,Johnson,emily.williams@yahoo.com,michael263,463.7,T1107,KZ
Michael,Johnson,emily.johnson@yahoo.com,michael821,495.98,T0003,GR
Sarah,Williams,emily.brown@hotmail.com,john309,75.13,T0800,QA
John,Smith,jane.garcia@hotmail.com,john694,97.22,T0800,VA
Sarah,Williams,michael.smith@hotmail.com,jane384,818.67,T0800,IR
John,Williams,sarah.brown@gmail.com,john796,505.04,T1201,ER
John,Smith,john.williams@gmail.com,michael404,784.13,T1201,PM
Sarah,Jones,david.garcia@yahoo.com,emily221,962.48,T1107,MQ
Michael,Williams,sarah.johnson@hotmail.com,jane809,306.41,T1201,BF
John,Brown,jane.smith@hotmail.com,michael839,98.29,T0006,GA
David,Williams,sarah.williams@yahoo.com,emily818,354.57,T2103,GI
Emily,Smith,jane.garcia@yahoo.com,sarah959,565.83,T0800,CI
Sarah,Garcia,emily.jones@gmail.com,john407,873.31,T0800,KI
David,Jones,emily.johnson@yahoo.com,jane218,452.95,T1107,FO
Jane,Brown,jane.garcia@hotmail.com,david588,994.96,T1107,FK
Sarah,Brown,jane.brown@yahoo.com,sarah765,813,T1107,LV
John,Jones,michael.williams@hotmail.com,emily99,570.11,T0006,GL
Jane,Brown,david.williams@gmail.com,sarah606,485.42,T0003,PR
Jane,Williams,michael.johnson@yahoo.com,jane724,583.42,T1107,ME
David,Garcia,david.garcia@hotmail.com,john374,162.75,T2103,KM
Emily,Johnson,sarah.jones@gmail.com,john655,745.64,T0003,LI
David,Johnson,sarah.garcia@gmail.com,emily345,797.21,T1201,TZ
Emily,Williams,john.smith@hotmail.com,jane846,787.79,T1107,RO
Jane,Smith,michael.johnson@yahoo.com,michael619,11.27,T0800,UM
Emily,Garcia,jane.brown@hotmail.com,john918,655.95,T1201,EG
Michael,Williams,jane.garcia@yahoo.com,jane249,450.46,T2103,ML
Michael,Smith,jane.johnson@hotmail.com,michael807,839.46,T0003,PT
Michael,Jones,emily.jones@gmail.com,john475,593.09,T1107,BV
Emily,Brown,david.johnson@yahoo.com,sarah814,820.79,T1107,MQ
Michael,Williams,david.garcia@gmail.com,jane69,206.13,T1201,GF
Michael,Brown,michael.johnson@hotmail.com,emily241,178.42,T0003,VN
John,Garcia,emily.jones@hotmail.com,david316,490.08,T2103,CX
Sarah,Jones,emily.jones@gmail.com,emily99,483.1,T0006,OM
Michael,Smith,emily.brown@gmail.com,john724,326.89,T0006,FR
John,Jones,john.smith@hotmail.com,emily502,680.9,T0006,SC
Sarah,Johnson,sarah.garcia@yahoo.com,david343,760.08,T1107,TJ
Sarah,Williams,emily.williams@gmail.com,emily266,123.27,T0006,HM
Jane,Johnson,david.johnson@yahoo.com,emily779,150.85,T2103,HU
David,Williams,jane.johnson@hotmail.com,sarah410,644.15,T1107,KY
Jane,Jones,jane.johnson@hotmail.com,david923,794.63,T0006,MA
Sarah,Brown,sarah.smith@hotmail.com,david900,259.49,T2103,CD
David,Garcia,sarah.williams@gmail.com,sarah124,510.35,T1107,UZ
Michael,Johnson,michael.garcia@yahoo.com,david130,554.07,T0003,SY
Sarah,Johnson,michael.johnson@hotmail.com,john132,707.85,T0800,GU
Jane,Jones,david.johnson@gmail.com,emily316,546.29,T2103,AL
John,Smith,sarah.williams@hotmail.com,emily76,957.11,T1107,DE
Michael,Garcia,emily.garcia@gmail.com,john204,662.91,T0003,CM
Emily,Williams,sarah.garcia@gmail.com,emily691,310.54,T1107,CY
Emily,Brown,emily.johnson@gmail.com,michael650,561.15,T1201,GR
John,Garcia,john.brown@gmail.com,sarah382,808.89,T0800,AR
David,Brown,jane.jones@yahoo.com,john91,494.2,T0003,MD
John,Brown,david.garcia@hotmail.com,jane955,253.2,T2103,BZ
Emily,Williams,jane.jones@hotmail.com,john154,721.24,T0006,PG
Michael,Williams,sarah.jones@gmail.com,sarah192,526.93,T0800,VG
Emily,Garcia,david.brown@yahoo.com,sarah176,677.14,T2103,BY
Jane,Williams,david.johnson@gmail.com,john842,472.93,T0006,BO
Sarah,Brown,michael.brown@yahoo.com,david389,913.63,T0006,TR
David,Smith,jane.brown@yahoo.com,john169,162.14,T1107,ET
David,Jones,jane.brown@yahoo.com,michael899,671.21,T1107,FR
Emily,Smith,john.williams@hotmail.com,jane117,246.55,T1107,PH
Emily,Williams,jane.smith@yahoo.com,emily716,859.86,T2103,TZ
Jane,Williams,sarah.jones@hotmail.com,michael515,922.64,T2103,ZW
John,Williams,michael.williams@hotmail.com,john663,456.13,T0800,AG
John,Williams,sarah.smith@gmail.com,john305,64.23,T2103,GB
John,Brown,sarah.garcia@gmail.com,sarah582,77.68,T0006,NA
David,Smith,michael.brown@gmail.com,john888,972.97,T0006,GR
Emily,Smith,david.jones@hotmail.com,jane879,608.73,T2103,DJ
David,Williams,sarah.jones@yahoo.com,jane686,669.1,T1107,AG
John,Jones,david.williams@gmail.com,michael47,497.13,T0006,TC
John,Williams,jane.jones@hotmail.com,david161,224.09,T2103,LU
Michael,Garcia,michael.brown@gmail.com,jane411,572.35,T1201,GF
Emily,Brown,john.williams@hotmail.com,michael636,615.31,T2103,NA
John,Brown,john.williams@yahoo.com,sarah879,623.53,T0800,GT
John,Garcia,sarah.williams@yahoo.com,jane438,432.57,T1201,MT
Michael,Smith,michael.garcia@hotmail.com,john582,56.18,T1201,LI
Michael,Smith,jane.jones@hotmail.com,michael999,84.47,T2103,WS
Jane,Williams,jane.williams@hotmail.com,sarah253,832.28,T0006,CN
Emily,Garcia,john.williams@yahoo.com,emily673,484.6,T0006,MS
Jane,Brown,david.garcia@hotmail.com,michael309,183.32,T1201,EC
Sarah,Jones,john.johnson@hotmail.com,john717,383.94,T0003,LT
Emily,Smith,john.brown@yahoo.com,emily139,677.41,T1107,FK
Jane,Williams,john.williams@yahoo.com,john588,760.78,T0800,FM
John,Smith,michael.garcia@yahoo.com,jane228,725.25,T2103,KG
Michael,Johnson,emily.brown@gmail.com,john416,245.75,T2103,LI
Michael,Jones,sarah.smith@hotmail.com,michael197,283.72,T0800,JP
Michael,Johnson,sarah.smith@hotmail.com,john249,460.18,T1107,AG
Michael,Garcia,john.brown@hotmail.com,david532,784.11,T0006,KI
Michael,Williams,sarah.johnson@yahoo.com,david215,149.52,T1201,MY
John,Brown,michael.jones@gmail.com,sarah794,657.73,T0800,KN
David,Brown,david.smith@hotmail.com,emily205,618.47,T0800,VN
Michael,Jones,john.garcia@hotmail.com,john968,490.5,T1107,TZ
Jane,Jones,michael.garcia@hotmail.com,david958,970.15,T0003,HT
Sarah,Garcia,david.smith@gmail.com,david814,750.76,T1201,HT
Jane,Johnson,sarah.williams@hotmail.com,emily227,302.91,T0006,SJ
Jane,Garcia,david.smith@hotmail.com,jane413,620.52,T0006,PS
David,Brown,sarah.garcia@hotmail.com,jane579,959.21,T1201,AO
Sarah,Smith,sarah.williams@yahoo.com,emily625,860.47,T0003,CA
Jane,Smith,michael.johnson@gmail.com,john106,341.94,T2103,KW
Jane,Smith,emily.jones@yahoo.com,david560,286.37,T2103,GP
John,Jones,michael.johnson@yahoo.com,john934,481.84,T2103,GS
Emily,Smith,michael.smith@gmail.com,emily485,451.95,T0006,IN
Sarah,Garcia,michael.jones@yahoo.com,john751,86.5,T1201,BJ
Emily,Brown,john.jones@yahoo.com,sarah236,950.42,T0800,NG
Michael,Brown,john.garcia@gmail.com,sarah679,86.92,T2103,CG
John,Garcia,emily.smith@gmail.com,john152,953.28,T2103,TL
Jane,Jones,jane.smith@gmail.com,david548,226.82,T0800,ET
John,Smith,john.brown@gmail.com,david791,940.05,T0800,BV
John,Williams,john.brown@gmail.com,david958,649.45,T1201,BO
David,Williams,sarah.brown@gmail.com,michael150,367.03,T1107,IE
Emily,Jones,emily.williams@yahoo.com,john288,15.08,T0006,HM
Jane,Williams,sarah.williams@yahoo.com,jane902,394.72,T0800,NC
Sarah,Garcia,michael.garcia@yahoo.com,emily822,193.68,T2103,GT
John,Brown,sarah.jones@gmail.com,david297,948.72,T0800,SL
Emily,Williams,john.johnson@gmail.com,sarah284,364.69,T0800,CI
Sarah,Johnson,sarah.brown@yahoo.com,michael629,577.11,T2103,PM
Michael,Jones,sarah.brown@hotmail.com,sarah203,620.95,T2103,UA
Jane,Brown,sarah.williams@hotmail.com,sarah93,423.44,T0003,MQ
Emily,Smith,michael.johnson@gmail.com,sarah835,258.42,T1107,PH
John,Williams,john.williams@yahoo.com,jane317,371.82,T0800,MH
Michael,Garcia,john.smith@gmail.com,david948,253.28,T1107,MY
Sarah,Jones,john.jones@yahoo.com,jane409,938.95,T1107,SD
Michael,Brown,john.jones@gmail.com,jane620,150.6,T0006,AS
David,Jones,john.smith@gmail.com,michael514,582.61,T0003,YT
David,Williams,john.smith@yahoo.com,jane240,214.15,T0800,VU
Jane,Brown,jane.garcia@gmail.com,michael668,753.97,T0003,NF
David,Garcia,emily.brown@gmail.com,jane632,809.67,T1201,PM
Sarah,Brown,david.brown@gmail.com,jane663,631.84,T1107,RW
Emily,Jones,john.johnson@hotmail.com,jane831,968.94,T2103,ER
John,Jones,jane.brown@yahoo.com,john245,492.87,T1201,MP
Jane,Jones,emily.smith@gmail.com,jane833,973.92,T2103,ES
Emily,Williams,john.smith@gmail.com,john275,245.05,T1201,BL
Jane,Jones,emily.jones@hotmail.com,emily217,556.79,T0006,RE
Michael,Williams,jane.smith@yahoo.com,michael298,759.74,T0006,AZ
Emily,Johnson,sarah.jones@yahoo.com,michael659,738.17,T0003,MR
David,Garcia,john.johnson@yahoo.com,david72,138.71,T1201,MS
Sarah,Johnson,michael.smith@yahoo.com,jane405,286.09,T0003,IN
Jane,Johnson,sarah.brown@hotmail.com,michael859,337.16,T0800,TM
Michael,Brown,jane.smith@hotmail.com,emily387,21.08,T1201,GY
David,Garcia,emily.smith@gmail.com,david53,327.14,T1201,CA
David,Brown,michael.garcia@gmail.com,john454,456.68,T1107,NE
David,Jones,michael.johnson@yahoo.com,john114,320.76,T0003,VG
Jane,Brown,jane.jones@yahoo.com,john917,901.02,T0800,VI
John,Garcia,jane.smith@yahoo.com,michael981,639.93,T2103,PL
John,Brown,john.brown@gmail.com,john516,641.39,T0003,CR
Emily,Jones,john.williams@hotmail.com,sarah873,853.6,T0800,MS
Jane,Garcia,david.garcia@yahoo.com,sarah478,40.38,T0006,LR
Jane,Williams,john.smith@gmail.com,jane340,804.59,T0800,AT
Emily,Williams,sarah.garcia@yahoo.com,jane49,102.47,T2103,PR
Emily,Smith,sarah.garcia@yahoo.com,jane324,917.94,T2103,SJ
Michael,Williams,emily.smith@yahoo.com,jane213,809.22,T0003,ZW
Michael,Garcia,emily.garcia@yahoo.com,david0,771.84,T1107,GA
Sarah,Garcia,david.jones@hotmail.com,john387,194.89,T1201,CA
David,Williams,sarah.jones@gmail.com,jane671,131.16,T0006,MY
Michael,Brown,michael.brown@hotmail.com,emily364,478.81,T0006,MQ
Jane,Johnson,sarah.smith@hotmail.com,sarah292,958.47,T2103,CX
John,Jones,michael.brown@hotmail.com,jane490,513.88,T1201,TW
Sarah,Williams,john.garcia@hotmail.com,david696,706.59,T0006,EH
Emily,Johnson,sarah.garcia@yahoo.com,michael473,42.57,T0006,WF
Sarah,Garcia,michael.garcia@hotmail.com,david862,677.11,T0006,UY
David,Brown,jane.johnson@gmail.com,emily968,365.99,T2103,GQ
Michael,Brown,jane.brown@yahoo.com,sarah750,397.69,T0006,VE
Jane,Johnson,john.jones@gmail.com,michael345,646.56,T0800,PW
Jane,Garcia,sarah.garcia@yahoo.com,emily472,863.01,T0006,IS
David,Johnson,jane.williams@yahoo.com,john676,736.37,T1107,MG
David,Jones,emily.garcia@yahoo.com,john440,920.06,T0800,MP
Emily,Jones,emily.smith@gmail.com,sarah379,372.59,T0003,TC
Michael,Smith,sarah.garcia@gmail.com,michael318,945.91,T0006,QA
John,Jones,john.garcia@gmail.com,john333,935.78,T0003,CI
John,Garcia,sarah.garcia@hotmail.com,sarah530,904.58,T2103,IO
John,Garcia,emily.garcia@hotmail.com,sarah783,18.32,T1201,CC
Emily,Brown,jane.smith@yahoo.com,emily986,893.22,T2103,BT
Emily,Jones,michael.williams@yahoo.com,michael652,168.64,T0800,TK
Michael,Smith,emily.johnson@hotmail.com,emily978,872.95,T2103,FM
Sarah,Johnson,john.garcia@gmail.com,jane630,493.97,T0006,GP
Michael,Williams,michael.smith@gmail.com,john387,943.62,T0800,CD
David,Williams,john.smith@gmail.com,emily273,363.73,T1107,RS
Emily,Garcia,michael.garcia@yahoo.com,john260,84.12,T1201,CD
Jane,Garcia,michael.williams@gmail.com,jane698,452.69,T1201,NG
John,Williams,michael.brown@hotmail.com,david481,286.3,T0003,CD
Emily,Brown,sarah.williams@yahoo.com,john504,849.58,T0800,FM
Jane,Johnson,jane.brown@gmail.com,sarah857,19.96,T1107,AX
Michael,Williams,sarah.johnson@gmail.com,jane609,47.63,T1201,LS
David,Williams,david.williams@yahoo.com,jane310,616.09,T2103,MV
David,Williams,jane.jones@yahoo.com,john921,439.45,T2103,MW
Emily,Garcia,john.johnson@yahoo.com,michael447,359.81,T0800,MV
Jane,Johnson,jane.jones@gmail.com,michael226,632.94,T0003,BF
John,Smith,michael.williams@yahoo.com,michael763,809.75,T0003,VU
Michael,Johnson,david.johnson@hotmail.com,michael867,886.11,T1201,CG
Sarah,Smith,david.jones@gmail.com,emily572,82.58,T2103,AX
Emily,Smith,michael.smith@gmail.com,sarah761,148.89,T0800,MN
Jane,Johnson,michael.smith@gmail.com,emily258,388.33,T0800,SC
Sarah,Brown,jane.smith@gmail.com,sarah699,868.89,T0800,CY
Emily,Johnson,sarah.williams@hotmail.com,john675,391.42,T0800,SS
Jane,Garcia,emily.smith@hotmail.com,emily791,546.78,T2103,HK
Emily,Williams,sarah.smith@gmail.com,john750,947.27,T0003,AR
Emily,Brown,sarah.garcia@hotmail.com,sarah60,958.74,T1107,KY
Sarah,Brown,david.garcia@hotmail.com,emily619,911.64,T0003,JM
Emily,Brown,david.smith@hotmail.com,michael842,717.51,T1201,TJ
Jane,Johnson,sarah.smith@yahoo.com,michael958,487.45,T0003,CC
Jane,Smith,david.smith@gmail.com,sarah698,952.38,T0006,DJ
David,Garcia,sarah.smith@hotmail.com,sarah943,366.83,T0800,MT
David,Jones,david.jones@gmail.com,david4,154.15,T0800,ID
John,Garcia,michael.brown@yahoo.com,michael882,822.64,T0800,LK
Michael,Johnson,david.williams@gmail.com,john269,348.44,T0800,MZ
Jane,Smith,david.williams@gmail.com,michael708,851.63,T1107,IO
John,Brown,michael.brown@gmail.com,michael531,879.09,T1201,SK
Jane,Smith,jane.brown@hotmail.com,john839,213.52,T2103,SH
Jane,Smith,john.brown@gmail.com,michael809,84.56,T2103,BJ
David,Jones,jane.jones@gmail.com,sarah109,17.24,T0800,MX
John,Smith,john.garcia@yahoo.com,david883,568.99,T1107,BR
Emily,Johnson,michael.williams@yahoo.com,sarah801,338.58,T1107,PH
David,Smith,emily.smith@yahoo.com,jane956,730.74,T0800,BM
Michael,Williams,david.jones@gmail.com,john869,681.28,T2103,CR
Emily,Smith,david.williams@hotmail.com,michael176,400.99,T2103,MC
Emily,Johnson,michael.jones@hotmail.com,emily500,815.37,T0003,CD
Jane,Johnson,john.jones@gmail.com,michael648,785.2,T0006,ZA
Michael,Jones,emily.johnson@gmail.com,david913,162.68,T0800,VN
Emily,Johnson,john.williams@yahoo.com,john913,638.86,T2103,BQ
Jane,Jones,john.garcia@yahoo.com,john177,308.63,T2103,MQ
Sarah,Garcia,jane.brown@yahoo.com,jane71,994.48,T1107,BH
David,Smith,emily.garcia@gmail.com,david294,397.05,T2103,PG
David,Brown,michael.smith@yahoo.com,david831,39.76,T0800,MV
Jane,Smith,sarah.garcia@gmail.com,emily621,525.85,T0006,SA
David,Johnson,david.smith@yahoo.com,michael360,649.47,T0003,UG
David,Garcia,sarah.smith@hotmail.com,sarah37,397.15,T2103,GQ
David,Johnson,jane.garcia@hotmail.com,sarah238,613.77,T0006,DM
David,Brown,sarah.garcia@hotmail.com,michael124,232.38,T2103,OM
David,Williams,sarah.garcia@hotmail.com,sarah698,69.7,T1107,GS
Emily,Smith,jane.johnson@yahoo.com,david495,591.3,T0003,BB
Sarah,Smith,michael.smith@gmail.com,emily871,438.9,T1107,FO
Jane,Johnson,jane.brown@yahoo.com,john196,801.79,T0006,RS
Emily,Jones,john.garcia@yahoo.com,david610,368.62,T2103,AO
John,Johnson,sarah.garcia@gmail.com,jane854,599.09,T0006,IM
Emily,Brown,jane.brown@hotmail.com,emily992,627.15,T0006,CU
John,Brown,john.williams@yahoo.com,michael956,979.08,T1201,ES
John,Johnson,sarah.johnson@yahoo.com,sarah135,129.95,T1107,BD
Jane,Smith,david.brown@hotmail.com,sarah526,727.02,T1201,MR
Jane,Jones,emily.smith@gmail.com,john463,511.77,T1107,QA
John,Williams,jane.williams@gmail.com,david302,549.52,T0003,MP
Sarah,Garcia,john.johnson@hotmail.com,sarah704,604.71,T2103,ER
Jane,Smith,david.johnson@hotmail.com,jane899,11.88,T1107,TT
David,Smith,jane.brown@hotmail.com,sarah531,321.77,T2103,MT
David,Garcia,michael.williams@yahoo.com,jane256,76.15,T0006,SR
Emily,Smith,sarah.jones@yahoo.com,jane285,626.3,T0006,GS
Sarah,Williams,emily.jones@hotmail.com,sarah591,133.59,T0006,AS
Jane,Smith,david.johnson@hotmail.com,david420,670.9,T1201,SX
Sarah,Johnson,sarah.williams@yahoo.com,michael648,233.95,T1107,BO
David,Jones,jane.williams@yahoo.com,john547,653.27,T2103,GP
Michael,Smith,michael.smith@hotmail.com,john201,464.1,T0006,SK
Jane,Brown,john.johnson@yahoo.com,michael692,455.34,T1107,AG
Jane,Johnson,john.smith@hotmail.com,john10,938.67,T0006,TO
Sarah,Smith,michael.brown@gmail.com,david168,241.43,T1201,RU
David,Garcia,emily.williams@gmail.com,michael399,765.91,T0006,TT
David,Garcia,michael.jones@hotmail.com,jane192,739.75,T1201,PN
Michael,Johnson,emily.jones@yahoo.com,michael39,826.53,T0800,GS
Michael,Smith,jane.garcia@yahoo.com,sarah872,724.13,T1201,UA
Jane,Garcia,sarah.williams@hotmail.com,john160,172.56,T0003,PS
Michael,Jones,sarah.johnson@gmail.com,jane536,271.95,T1107,NF
John,Johnson,david.johnson@hotmail.com,michael405,829.85,T2103,AL
Sarah,Williams,david.williams@gmail.com,john342,874.05,T2103,WS
David,Brown,david.williams@gmail.com,jane87,513.88,T2103,AM
John,Brown,john.johnson@yahoo.com,jane362,595.93,T2103,TG
Jane,Smith,jane.brown@gmail.com,michael672,910.68,T1107,TD
Jane,Jones,sarah.jones@hotmail.com,sarah642,258,T0800,AO
Jane,Williams,david.smith@yahoo.com,sarah953,716.52,T1201,BZ
Sarah,Jones,david.johnson@hotmail.com,david282,26.26,T1107,VU
Sarah,Brown,david.garcia@yahoo.com,michael239,478.54,T1107,SH
John,Jones,emily.jones@hotmail.com,sarah703,847.68,T1107,ML
Michael,Jones,jane.johnson@hotmail.com,emily816,93.79,T0800,BE
Jane,Garcia,john.williams@yahoo.com,john752,268.98,T1107,MF
Michael,Williams,michael.brown@gmail.com,jane430,856.21,T2103,AX
Jane,Garcia,david.johnson@gmail.com,michael84,705.23,T0800,CL
Michael,Brown,jane.smith@hotmail.com,john169,436.14,T1107,CA
Sarah,Johnson,david.garcia@gmail.com,michael408,460.18,T0800,CI
Michael,Smith,david.brown@hotmail.com,michael726,901.87,T2103,KP
David,Johnson,david.smith@hotmail.com,michael343,284.44,T0800,MC
Emily,Johnson,john.smith@gmail.com,sarah389,856.95,T2103,SK
Michael,Williams,john.jones@hotmail.com,jane667,873.36,T1107,CI
John,Garcia,emily.garcia@yahoo.com,michael308,615.95,T1201,DJ
Emily,Brown,jane.jones@hotmail.com,emily733,674.09,T2103,BI
Jane,Brown,emily.smith@yahoo.com,sarah329,969.02,T0006,HT
Sarah,Williams,michael.brown@yahoo.com,emily47,714.91,T1201,UA
David,Jones,sarah.jones@hotmail.com,sarah995,391.72,T1201,CR
David,Brown,emily.garcia@yahoo.com,sarah272,126.01,T1201,AG
David,Williams,emily.jones@gmail.com,emily136,183.23,T1107,FK
Jane,Brown,david.smith@hotmail.com,sarah433,26.78,T0800,UG
Michael,Garcia,sarah.johnson@hotmail.com,emily822,519.37,T0006,SX
Sarah,Brown,john.garcia@yahoo.com,jane528,887.07,T0003,SX
John,Garcia,emily.jones@yahoo.com,michael277,750.23,T0006,DM
Jane,Jones,emily.garcia@yahoo.com,john15,574.75,T1107,CU
John,Smith,john.garcia@hotmail.com,david134,46.12,T1201,PM
Michael,Johnson,michael.brown@hotmail.com,emily366,794.33,T1107,QA
Jane,Johnson,emily.williams@hotmail.com,sarah509,298.68,T2103,NZ
Jane,Smith,emily.garcia@yahoo.com,david651,820.84,T0003,SV
Sarah,Jones,sarah.smith@yahoo.com,emily302,373.94,T0003,AI
Emily,Williams,emily.williams@hotmail.com,michael323,862.18,T0800,HN
Michael,Williams,david.johnson@yahoo.com,emily683,525.53,T1107,SS
David,Johnson,michael.jones@gmail.com,david858,535.83,T1201,GW
John,Brown,jane.jones@hotmail.com,david164,447.49,T1201,YT
David,Smith,jane.jones@hotmail.com,sarah278,771.34,T0006,BW
Sarah,Johnson,jane.williams@yahoo.com,michael298,121.05,T0003,TO
Sarah,Brown,david.jones@yahoo.com,jane941,500.41,T0800,GS
Emily,Jones,michael.johnson@hotmail.com,jane902,162.03,T0800,MY
David,Williams,jane.jones@yahoo.com,jane14,918.26,T1107,CI
Jane,Jones,david.garcia@gmail.com,sarah584,13.02,T0006,VE
John,Brown,emily.garcia@gmail.com,jane47,367.03,T0003,BL
Jane,Garcia,michael.williams@gmail.com,michael959,877.85,T2103,CW
Sarah,Williams,john.garcia@yahoo.com,michael299,985.43,T0800,VI
John,Jones,sarah.jones@hotmail.com,sarah324,933.14,T0003,BI
Emily,Brown,john.johnson@hotmail.com,john905,466.23,T1107,NO
Jane,Johnson,michael.garcia@hotmail.com,michael564,696.18,T1201,PW
Sarah,Williams,emily.jones@yahoo.com,john698,803.7,T0006,VC
Jane,Williams,michael.jones@yahoo.com,jane471,937.34,T1201,DJ
John,Jones,john.jones@hotmail.com,emily284,36.64,T0800,BA
Sarah,Smith,emily.garcia@hotmail.com,sarah74,194,T2103,CR
Jane,Jones,michael.johnson@gmail.com,john661,401.22,T0006,JO
Michael,Brown,emily.smith@hotmail.com,david302,935.66,T1107,WS
John,Smith,sarah.brown@yahoo.com,jane948,565.83,T0003,CN
Jane,Brown,jane.jones@yahoo.com,emily791,43.33,T0003,HM
Jane,Garcia,emily.jones@gmail.com,emily51,983.78,T2103,NO
Jane,Brown,michael.williams@yahoo.com,david493,995.89,T2103,GN
Sarah,Johnson,sarah.jones@yahoo.com,david819,126.51,T1107,TT
Emily,Smith,sarah.garcia@yahoo.com,sarah925,559.13,T1107,BT
Jane,Smith,jane.brown@gmail.com,emily654,352.69,T0006,TZ
David,Williams,jane.williams@hotmail.com,david625,155.27,T0003,BS
Michael,Garcia,john.jones@yahoo.com,michael609,461.76,T0006,JM
Emily,Garcia,david.smith@yahoo.com,jane647,2.64,T1201,NO
Emily,Jones,david.smith@yahoo.com,michael20,745.09,T1107,GR
John,Garcia,emily.smith@yahoo.com,david71,61.79,T2103,MN
David,Brown,david.johnson@yahoo.com,jane898,659.62,T0003,LY
Emily,Jones,john.johnson@yahoo.com,michael115,736.9,T2103,ME
Emily,Jones,jane.johnson@gmail.com,michael486,251.03,T0006,SJ
John,Jones,emily.garcia@yahoo.com,jane880,448.12,T0800,UM
David,Garcia,sarah.garcia@hotmail.com,david72,496.39,T0006,CU
Emily,Brown,sarah.garcia@gmail.com,john506,593.3,T0006,UA
David,Jones,emily.garcia@yahoo.com,jane555,171.41,T1201,VN
Sarah,Williams,sarah.johnson@hotmail.com,jane588,914.24,T0800,ZM
Sarah,Brown,michael.johnson@hotmail.com,emily308,719.33,T0006,GH
Emily,Brown,john.jones@hotmail.com,emily418,607.57,T1201,KG
John,Smith,john.smith@hotmail.com,david803,961.87,T1201,NG
Sarah,Jones,john.garcia@hotmail.com,michael84,273.9,T0003,EC
John,Garcia,david.brown@gmail.com,sarah295,799.43,T0003,RS
John,Williams,sarah.garcia@hotmail.com,michael15,274.3,T0003,CY
David,Johnson,david.smith@gmail.com,sarah173,304.29,T0006,CA
Sarah,Garcia,sarah.garcia@gmail.com,jane883,898.06,T2103,TZ
Emily,Garcia,sarah.williams@hotmail.com,emily563,660.53,T0006,YE
Sarah,Garcia,emily.garcia@gmail.com,sarah640,80.1,T0800,ML
John,Johnson,michael.jones@gmail.com,emily501,485.5,T0800,FR
David,Smith,john.garcia@hotmail.com,emily338,66.69,T1201,NF
John,Jones,emily.brown@gmail.com,john41,125.02,T0006,MC
Sarah,Williams,emily.williams@hotmail.com,emily945,14.66,T2103,HM
Jane,Brown,emily.williams@gmail.com,michael225,566.76,T1107,UA
John,Johnson,michael.garcia@yahoo.com,jane411,656.36,T1107,AU
Emily,Johnson,michael.smith@yahoo.com,sarah454,758.13,T1107,ME
